id,first_name,last_name,email,gender,address,language
1,Laurence,Dozdill,ldozdill0@huffingtonpost.com,Male,6055 Elgar Place,Romanian
2,Collie,Neno,cneno1@opensource.org,Female,98 Nelson Way,Khmer
3,Joseph,Ife,jife2@bluehost.com,Male,83593 Grim Place,Kannada
4,Alena,Cuddy,acuddy3@e-recht24.de,Female,18720 Kennedy Road,Dzongkha
5,Tracey,Charleston,tcharleston4@nyu.edu,Female,710 Stephen Way,Guaraní
6,Alexa,Kembley,akembley5@hud.gov,Female,6 Clemons Trail,Danish
7,Garrett,Rochester,grochester6@exblog.jp,Male,32 Waywood Pass,French
8,Michel,Denkin,mdenkin7@reference.com,Male,00 Pierstorff Lane,Hebrew
9,Saba,Pannaman,spannaman8@elegantthemes.com,Female,00590 Heffernan Court,Northern Sotho
10,Alley,Stebbings,astebbings9@jimdo.com,Male,210 Hoffman Avenue,Amharic
11,Tatum,Barock,tbarocka@craigslist.org,Female,6 Golf Plaza,Malayalam
12,Kimble,Lammenga,klammengab@odnoklassniki.ru,Male,396 Roxbury Junction,Kurdish
13,Betta,Allewell,ballewellc@netlog.com,Female,7883 Larry Drive,Tok Pisin
14,Pete,Kunze,pkunzed@usatoday.com,Male,2531 Ridgeview Parkway,Lithuanian
15,Noe,Ellesmere,nellesmeree@over-blog.com,Male,28 Luster Park,Telugu
16,Asher,Mugglestone,amugglestonef@ca.gov,Male,85379 Granby Alley,Swahili
17,James,Noonan,jnoonang@bluehost.com,Male,22114 Main Point,Azeri
18,Packston,Arminger,parmingerh@hao123.com,Male,29 Brickson Park Junction,Luxembourgish
19,Robbert,Annesley,rannesleyi@jiathis.com,Male,4 Northport Place,Armenian
20,Ethelbert,Freddi,efreddij@gov.uk,Male,4391 Forest Dale Way,Persian
21,Stacey,Kleinsinger,skleinsingerk@usgs.gov,Female,9823 Mitchell Parkway,Thai
22,Griswold,Moquin,gmoquinl@time.com,Male,70 Darwin Hill,Hungarian
23,Brien,Havelin,bhavelinm@ameblo.jp,Male,2 Melby Hill,Amharic
24,Claudius,Carnilian,ccarniliann@themeforest.net,Male,79526 Sloan Terrace,Yiddish
25,Noreen,Chupin,nchupino@cloudflare.com,Female,2 Towne Hill,Belarusian
26,Chet,Sondon,csondonp@wikispaces.com,Male,5 Trailsway Avenue,Guaraní
27,Sadie,Cordon,scordonq@exblog.jp,Female,3935 5th Place,Albanian
28,Cassius,Beckey,cbeckeyr@vinaora.com,Male,6739 Susan Drive,Dhivehi
29,Joanna,Nossent,jnossents@free.fr,Female,95 Anniversary Crossing,New Zealand Sign Language
30,Jeannette,Vodden,jvoddent@instagram.com,Female,9 Oneill Terrace,Telugu
31,Corry,Housam,chousamu@lycos.com,Female,9287 Hayes Hill,Hebrew
32,Brandais,Pessel,bpesselv@digg.com,Female,6550 Barby Court,Dutch
33,Skipp,Geraudy,sgeraudyw@fc2.com,Male,6 Cottonwood Terrace,Amharic
34,Guthrie,Tomas,gtomasx@bloomberg.com,Male,7 Cardinal Center,Arabic
35,Rurik,Klee,rkleey@webeden.co.uk,Male,222 Namekagon Lane,Dhivehi
36,Jerrold,Verner,jvernerz@ebay.co.uk,Male,42984 Laurel Point,Marathi
37,Mollee,Saddington,msaddington10@dion.ne.jp,Female,01889 Derek Lane,Thai
38,Abe,Domoney,adomoney11@lycos.com,Non-binary,29 Blaine Hill,Swedish
39,Huey,Melling,hmelling12@nhs.uk,Male,26315 Hanson Trail,German
40,Vicki,Cool,vcool13@virginia.edu,Female,8997 Elmside Alley,Mongolian
41,Ravid,Danilovic,rdanilovic14@mysql.com,Male,68 Paget Alley,Filipino
42,Boote,Bayne,bbayne15@telegraph.co.uk,Male,63655 Fieldstone Pass,Kazakh
43,L;urette,Emmanuele,lemmanuele16@hp.com,Female,1 Onsgard Crossing,Tsonga
44,Wilie,Persitt,wpersitt17@mtv.com,Female,6032 Westport Pass,Tsonga
45,Robbie,Fetherstonhaugh,rfetherstonhaugh18@scientificamerican.com,Male,02 Parkside Street,Tajik
46,Randal,Mell,rmell19@china.com.cn,Male,458 Chive Center,Sotho
47,Cirstoforo,Pamphilon,cpamphilon1a@rakuten.co.jp,Genderqueer,53 Mifflin Court,Hindi
48,Othello,Ponder,oponder1b@scientificamerican.com,Male,64496 Hansons Circle,Nepali
49,Madison,Izsak,mizsak1c@trellian.com,Male,7994 Nelson Park,Aymara
50,Winny,Crome,wcrome1d@wix.com,Male,4 Pepper Wood Lane,Kazakh
51,Elnar,Treneer,etreneer1e@smugmug.com,Male,0 Almo Hill,Lao
52,Gill,Edensor,gedensor1f@forbes.com,Female,0805 Golf Course Court,Tajik
53,Son,Chedgey,schedgey1g@macromedia.com,Male,2703 Lunder Plaza,Spanish
54,Euell,Woodyeare,ewoodyeare1h@i2i.jp,Male,760 Surrey Trail,Portuguese
55,Fred,Gitthouse,fgitthouse1i@clickbank.net,Male,887 Weeping Birch Circle,Montenegrin
56,Zoe,Simkiss,zsimkiss1j@blogtalkradio.com,Agender,82 Garrison Trail,Pashto
57,Caz,Jimeno,cjimeno1k@fastcompany.com,Male,9838 Dottie Point,Tok Pisin
58,Austin,Shelborne,ashelborne1l@irs.gov,Female,0405 5th Plaza,Icelandic
59,Cornall,Pleasance,cpleasance1m@psu.edu,Male,08178 Kipling Drive,Thai
60,Trina,Dowdle,tdowdle1n@skype.com,Non-binary,46 Park Meadow Avenue,Maltese
61,North,Pierri,npierri1o@aboutads.info,Male,4153 Harbort Terrace,Bosnian
62,Forester,Pratley,fpratley1p@uol.com.br,Male,0361 Waywood Court,Filipino
63,Annecorinne,Pahl,apahl1q@adobe.com,Female,156 Orin Junction,New Zealand Sign Language
64,Carroll,Whalley,cwhalley1r@ihg.com,Female,3271 Clarendon Trail,Somali
65,Enid,Artinstall,eartinstall1s@google.pl,Female,660 Hollow Ridge Place,Thai
66,Morgan,Strickler,mstrickler1t@dagondesign.com,Female,83 Algoma Junction,Fijian
67,Urban,Ramsbottom,uramsbottom1u@google.es,Male,2869 Melrose Junction,Kannada
68,Whit,Mawditt,wmawditt1v@barnesandnoble.com,Male,57750 Longview Court,Fijian
69,Floria,O'Clery,foclery1w@lycos.com,Female,941 Crescent Oaks Junction,Tetum
70,Aurea,Curwen,acurwen1x@arizona.edu,Female,940 Bonner Street,Nepali
71,Darn,Clayhill,dclayhill1y@kickstarter.com,Male,49 2nd Plaza,Persian
72,Betteanne,Gawke,bgawke1z@naver.com,Female,4 Kenwood Road,Guaraní
73,Patrica,Raggett,praggett20@gmpg.org,Female,0 Westridge Road,Japanese
74,Miof mela,Bernaldo,mbernaldo21@cargocollective.com,Female,94 Quincy Parkway,Tok Pisin
75,Wadsworth,Whyberd,wwhyberd22@photobucket.com,Male,39860 Hoffman Plaza,Norwegian
76,Mayor,McCudden,mmccudden23@columbia.edu,Male,5 Cody Center,Japanese
77,Del,Abbado,dabbado24@qq.com,Male,241 Fairfield Way,Mongolian
78,Cristionna,Huburn,chuburn25@yandex.ru,Female,452 Melvin Trail,Icelandic
79,Maurie,Rubica,mrubica26@xing.com,Male,27 Sutteridge Hill,Amharic
80,Sherrie,Burras,sburras27@wired.com,Female,573 Rockefeller Drive,Burmese
81,Dre,Piburn,dpiburn28@wordpress.com,Female,21589 Chinook Way,Tswana
82,Elfrieda,Vassie,evassie29@baidu.com,Female,91 Sunnyside Court,Hebrew
83,Tansy,Brookes,tbrookes2a@cdc.gov,Female,56296 Charing Cross Parkway,Armenian
84,Ennis,McComiskey,emccomiskey2b@sphinn.com,Male,2 Fisk Court,Amharic
85,Regen,Petofi,rpetofi2c@bloglines.com,Male,8716 Becker Crossing,Dzongkha
86,Grannie,Lambourne,glambourne2d@sakura.ne.jp,Male,25447 Crest Line Point,Danish
87,Brose,Jervis,bjervis2e@addthis.com,Male,0 Twin Pines Street,Yiddish
88,Melina,Nazair,mnazair2f@imageshack.us,Female,262 Pine View Alley,Māori
89,Sky,Jilliss,sjilliss2g@theglobeandmail.com,Male,64 Dapin Point,Catalan
90,Cameron,Andell,candell2h@smugmug.com,Male,03 Mandrake Center,Punjabi
91,Wilone,Worsalls,wworsalls2i@mit.edu,Female,55156 Lawn Lane,Assamese
92,Tiffi,Showers,tshowers2j@com.com,Female,2224 Monica Junction,Swahili
93,Nester,Mallya,nmallya2k@odnoklassniki.ru,Male,64833 Summer Ridge Point,Portuguese
94,Derry,Abramamovh,dabramamovh2l@oracle.com,Male,6965 Boyd Junction,Albanian
95,Meghan,Hammer,mhammer2m@businessinsider.com,Female,7002 Reindahl Drive,Indonesian
96,Glenna,Mandeville,gmandeville2n@yelp.com,Female,6142 Mariners Cove Street,Telugu
97,Phylis,Clewer,pclewer2o@usa.gov,Female,26431 Service Court,Azeri
98,Elianore,Twiggins,etwiggins2p@cargocollective.com,Female,52805 Raven Pass,Japanese
99,Jasmina,Rehn,jrehn2q@princeton.edu,Female,95 Ryan Plaza,Polish
100,Monah,Alabaster,malabaster2r@dedecms.com,Female,39 Springview Avenue,Maltese
101,Elnar,McGreil,emcgreil2s@4shared.com,Male,5 Hallows Court,Estonian
102,Jakob,Dell Casa,jdellcasa2t@blogtalkradio.com,Male,754 Oriole Court,Hiri Motu
103,Hurlee,De Michele,hdemichele2u@sitemeter.com,Male,446 Chinook Terrace,Punjabi
104,Myrtle,Calvert,mcalvert2v@washington.edu,Female,0077 Michigan Terrace,Aymara
105,Nissy,Ebbens,nebbens2w@aol.com,Female,73 Sundown Alley,English
106,Nannie,Sabbatier,nsabbatier2x@w3.org,Female,08 Thierer Trail,Hiri Motu
107,Andonis,Sange,asange2y@histats.com,Male,44166 Michigan Trail,Kurdish
108,Dominic,Robertsen,drobertsen2z@pbs.org,Male,31 Mcbride Lane,Dhivehi
109,Lora,Crudginton,lcrudginton30@sbwire.com,Female,5 Bobwhite Place,Georgian
110,Mort,Palatino,mpalatino31@deviantart.com,Male,6 Dunning Way,Fijian
111,Wendye,Pregal,wpregal32@businesswire.com,Female,4 High Crossing Trail,Italian
112,Dalton,Trosdall,dtrosdall33@mediafire.com,Non-binary,27115 Glendale Plaza,Oriya
113,Agnese,Davydochkin,adavydochkin34@phpbb.com,Female,03625 Debra Court,Georgian
114,Michaelina,Ableson,mableson35@examiner.com,Female,41386 Utah Lane,Maltese
115,Ettore,Robardet,erobardet36@huffingtonpost.com,Male,6202 Bartillon Court,Northern Sotho
116,Melina,Sasser,msasser37@sun.com,Female,02 Prairie Rose Road,Danish
117,Cristal,Garman,cgarman38@woothemes.com,Female,78 Scoville Parkway,Thai
118,Consalve,Jeffers,cjeffers39@imgur.com,Male,7 Colorado Way,Amharic
119,Kally,Bartleet,kbartleet3a@technorati.com,Female,17936 Harbort Drive,Icelandic
120,Crosby,Rikkard,crikkard3b@washington.edu,Male,4 Fremont Center,Icelandic
121,Crawford,De Blasi,cdeblasi3c@netvibes.com,Male,18 Lakewood Alley,Yiddish
122,Ronnica,Wethered,rwethered3d@studiopress.com,Female,9437 Eastlawn Junction,Greek
123,Gerti,Fitzroy,gfitzroy3e@wikimedia.org,Female,956 Lighthouse Bay Pass,Quechua
124,Ara,Ridewood,aridewood3f@wordpress.com,Female,36 Independence Crossing,Haitian Creole
125,Hinda,Avison,havison3g@mediafire.com,Female,79379 Forest Lane,Dhivehi
126,Chickie,Nafziger,cnafziger3h@nasa.gov,Female,97 Johnson Street,Irish Gaelic
127,Lynnette,Jeays,ljeays3i@topsy.com,Female,272 Holy Cross Alley,West Frisian
128,Laurent,Hendin,lhendin3j@hao123.com,Male,851 Schurz Place,Haitian Creole
129,Mollie,Cardno,mcardno3k@cbslocal.com,Female,936 Buell Avenue,Albanian
130,Herschel,Mation,hmation3l@ameblo.jp,Male,257 Crowley Junction,Dzongkha
131,Laney,Flageul,lflageul3m@lycos.com,Female,58 Rigney Terrace,Macedonian
132,Herschel,Laybourn,hlaybourn3n@addthis.com,Male,59 Shopko Trail,Māori
133,Jerry,Ellesworthe,jellesworthe3o@cisco.com,Female,686 Stuart Lane,Lithuanian
134,Barde,Yardy,byardy3p@google.cn,Male,8000 Hayes Hill,Papiamento
135,Annora,Casterou,acasterou3q@blogspot.com,Female,5 Northwestern Road,Hebrew
136,Wilona,Camelli,wcamelli3r@techcrunch.com,Female,48 Welch Trail,Armenian
137,Emmy,Marcinkowski,emarcinkowski3s@nsw.gov.au,Female,87 Rowland Lane,Korean
138,Riobard,Cashley,rcashley3t@paypal.com,Male,49145 Briar Crest Park,Croatian
139,Gwyneth,Giacaponi,ggiacaponi3u@loc.gov,Female,85362 Corscot Lane,Papiamento
140,Tracie,Manklow,tmanklow3v@simplemachines.org,Female,79 Corry Park,Punjabi
141,Ferrell,Showers,fshowers3w@jimdo.com,Male,46919 Colorado Street,Tetum
142,Adan,Kentish,akentish3x@usa.gov,Male,80755 Truax Avenue,Filipino
143,Anjanette,Kauschke,akauschke3y@acquirethisname.com,Female,5 Portage Point,Swahili
144,Rosalie,Mault,rmault3z@ted.com,Female,47 North Court,Malagasy
145,Mattheus,Overill,moverill40@wisc.edu,Male,8 Esch Alley,Kyrgyz
146,Augustine,Oneal,aoneal41@cnn.com,Female,92424 Barby Way,Dari
147,Malcolm,Dureden,mdureden42@bravesites.com,Male,3 Killdeer Junction,Estonian
148,Ronny,Clubley,rclubley43@myspace.com,Male,9150 Trailsway Terrace,Luxembourgish
149,Ferd,Firidolfi,ffiridolfi44@hatena.ne.jp,Male,38 Cambridge Place,Kazakh
150,Jehanna,Hunsworth,jhunsworth45@fda.gov,Female,595 Bunker Hill Parkway,Korean
151,Lon,Hendrikse,lhendrikse46@cbc.ca,Male,5829 Kensington Lane,Zulu
152,Garey,Betham,gbetham47@jugem.jp,Male,421 Garrison Hill,Quechua
153,Ginelle,Henric,ghenric48@archive.org,Female,6543 Jay Way,Marathi
154,Sara,Sowrey,ssowrey49@usda.gov,Female,6454 Oneill Crossing,Pashto
155,Dorene,Melton,dmelton4a@unblog.fr,Female,11066 Raven Junction,Malayalam
156,Nalani,L'Episcopi,nlepiscopi4b@nps.gov,Female,2 Rieder Drive,Greek
157,Luelle,Owthwaite,lowthwaite4c@friendfeed.com,Female,31065 Anthes Park,English
158,Zorana,Josovitz,zjosovitz4d@cbc.ca,Female,8676 Westport Avenue,Kannada
159,James,Ferronet,jferronet4e@wp.com,Male,066 Cherokee Hill,Swati
160,Martynne,Burnes,mburnes4f@yellowpages.com,Female,40805 Pawling Drive,Aymara
161,Ameline,Simmell,asimmell4g@sohu.com,Female,574 Westridge Court,Amharic
162,Abramo,Main,amain4h@dedecms.com,Male,69 Westerfield Park,Tok Pisin
163,Ibbie,Shallo,ishallo4i@odnoklassniki.ru,Bigender,564 Drewry Hill,Swahili
164,Blakeley,Matusevich,bmatusevich4j@wikimedia.org,Female,9777 Esker Point,Italian
165,Petra,Covill,pcovill4k@unblog.fr,Agender,5 Comanche Avenue,Hebrew
166,Doug,Ebben,debben4l@wikispaces.com,Male,648 Lyons Drive,Telugu
167,Tabatha,Burbidge,tburbidge4m@biglobe.ne.jp,Female,1737 Bluestem Center,Dutch
168,Jaime,Matteotti,jmatteotti4n@java.com,Male,10 Hoffman Park,Khmer
169,Roxana,Kadar,rkadar4o@pen.io,Female,183 Cascade Way,Filipino
170,Florian,Schukert,fschukert4p@umich.edu,Male,4 Stephen Hill,Mongolian
171,Eimile,Cansfield,ecansfield4q@ebay.co.uk,Female,193 Anzinger Court,Assamese
172,Fax,Cowthard,fcowthard4r@smh.com.au,Male,7 Upham Terrace,Gagauz
173,Caitrin,Standfield,cstandfield4s@google.cn,Bigender,7 Jenifer Crossing,Georgian
174,Chad,Benthall,cbenthall4t@umn.edu,Male,8468 Mayfield Point,Assamese
175,Debby,Libreros,dlibreros4u@businesswire.com,Female,3 Clarendon Plaza,Swati
176,Woodman,Brazenor,wbrazenor4v@cnet.com,Male,08720 Autumn Leaf Drive,Kannada
177,Lona,Dumphy,ldumphy4w@theatlantic.com,Female,0 Rutledge Trail,Yiddish
178,Korry,Piola,kpiola4x@ycombinator.com,Female,70 Mcbride Park,Ndebele
179,Lief,Eul,leul4y@nasa.gov,Male,63617 Pleasure Park,Amharic
180,Hilly,Kilian,hkilian4z@ibm.com,Male,86253 Moulton Park,Maltese
181,Shelbi,Leveret,sleveret50@upenn.edu,Female,2 Clyde Gallagher Park,Spanish
182,Fin,Pinsent,fpinsent51@tinyurl.com,Male,07 Ridgeview Trail,New Zealand Sign Language
183,Smitty,Thorrold,sthorrold52@reference.com,Male,8 Mariners Cove Place,Kazakh
184,Sergeant,O'Driscoll,sodriscoll53@ft.com,Male,2529 Clyde Gallagher Center,Kannada
185,Obie,Dyton,odyton54@ebay.co.uk,Male,186 Sunfield Point,French
186,Steffane,Klossek,sklossek55@accuweather.com,Female,384 Badeau Avenue,Kannada
187,Lynelle,Skedgell,lskedgell56@technorati.com,Female,14 Vidon Place,Amharic
188,Klarika,Axtens,kaxtens57@mapy.cz,Female,283 Forest Dale Place,Northern Sotho
189,Miguel,Humbatch,mhumbatch58@spiegel.de,Male,6 Roxbury Road,Quechua
190,Dreddy,Grestye,dgrestye59@time.com,Female,10 Moland Avenue,Chinese
191,Corty,Bridgens,cbridgens5a@nasa.gov,Male,82822 Wayridge Center,Fijian
192,Adair,Chalker,achalker5b@1688.com,Male,1 Badeau Plaza,Albanian
193,Aurthur,McGenn,amcgenn5c@vistaprint.com,Male,52 Norway Maple Terrace,Moldovan
194,Jacquie,Petersen,jpetersen5d@businessinsider.com,Polygender,58202 Lerdahl Place,Amharic
195,Diann,Toner,dtoner5e@sciencedirect.com,Non-binary,89520 Esker Crossing,Azeri
196,Shannon,Knivett,sknivett5f@etsy.com,Female,5 Amoth Point,Finnish
197,Sarita,Fillgate,sfillgate5g@gmpg.org,Female,22 Havey Street,Nepali
198,Alicia,Ormesher,aormesher5h@gravatar.com,Female,5 Garrison Plaza,Czech
199,Sharla,Rayson,srayson5i@behance.net,Female,97881 Oriole Way,Nepali
200,Kelli,Kaindl,kkaindl5j@google.it,Female,6 Scott Terrace,Danish
201,Kerstin,Guerrero,kguerrero5k@gravatar.com,Female,6 Park Meadow Circle,Georgian
202,Elberta,Endley,eendley5l@51.la,Female,12188 Shoshone Trail,Macedonian
203,Fairleigh,Porcher,fporcher5m@timesonline.co.uk,Male,0253 Graedel Way,Papiamento
204,Sisely,Waison,swaison5n@biblegateway.com,Female,4 Toban Lane,Finnish
205,Flem,Iacovucci,fiacovucci5o@yelp.com,Male,09482 Farmco Street,Sotho
206,Brinn,Fieldsend,bfieldsend5p@tripod.com,Female,3 Mcguire Park,Burmese
207,Dominic,Measey,dmeasey5q@ameblo.jp,Male,55 Delaware Junction,Chinese
208,Andreana,Lundberg,alundberg5r@google.co.uk,Female,3758 Barby Crossing,Korean
209,Kaitlin,Salery,ksalery5s@comsenz.com,Female,36 Grim Street,Catalan
210,Daren,O'Ferris,doferris5t@dell.com,Male,11 Golden Leaf Court,Kurdish
211,Jackquelin,Linsay,jlinsay5u@over-blog.com,Female,05 Arrowood Plaza,Arabic
212,Tam,de la Valette Parisot,tdelavaletteparisot5v@opera.com,Male,8 Hooker Hill,Zulu
213,Zsazsa,Adamec,zadamec5w@answers.com,Female,3 Mockingbird Lane,Dhivehi
214,Tuckie,Cornels,tcornels5x@miitbeian.gov.cn,Genderqueer,18 Darwin Point,Maltese
215,Filippo,Dono,fdono5y@tamu.edu,Male,7095 Warner Crossing,Dutch
216,Eolande,Libbey,elibbey5z@fema.gov,Female,2 Sheridan Street,Kyrgyz
217,Esdras,Baud,ebaud60@nasa.gov,Male,2 Vahlen Hill,Filipino
218,Mata,Hackelton,mhackelton61@fc2.com,Male,8 Westerfield Parkway,Kazakh
219,Beverly,Chastelain,bchastelain62@amazon.co.jp,Polygender,94 Dryden Way,Irish Gaelic
220,Ruthe,Easson,reasson63@icio.us,Female,216 Hagan Pass,Kurdish
221,Maighdiln,McMorran,mmcmorran64@nba.com,Female,8 Vermont Drive,Dutch
222,Noby,Creek,ncreek65@dedecms.com,Male,9031 Utah Alley,Nepali
223,Irving,Andrieux,iandrieux66@dropbox.com,Male,45367 Moland Pass,Montenegrin
224,Bald,Kingman,bkingman67@nationalgeographic.com,Agender,6987 Waxwing Alley,Kannada
225,Garwood,Trass,gtrass68@163.com,Male,2 Shoshone Crossing,Marathi
226,Perle,Rundle,prundle69@multiply.com,Female,5818 Toban Pass,Irish Gaelic
227,Yalonda,Marton,ymarton6a@tuttocitta.it,Female,0 Rutledge Point,Swahili
228,Clare,Lepope,clepope6b@elegantthemes.com,Male,2 Crownhardt Avenue,English
229,Brig,Burrass,bburrass6c@dailymail.co.uk,Male,4 5th Road,Icelandic
230,Carlyn,Swindin,cswindin6d@yelp.com,Female,26803 Starling Avenue,Swahili
231,Saunder,Schapero,sschapero6e@t.co,Male,24218 Sachs Pass,Thai
232,Keely,McAuliffe,kmcauliffe6f@google.nl,Female,7 Colorado Crossing,Khmer
233,Estrellita,Paskin,epaskin6g@economist.com,Female,552 Sundown Junction,Lao
234,Lela,Hawley,lhawley6h@un.org,Female,7 Dahle Terrace,Estonian
235,Brewster,Freear,bfreear6i@miibeian.gov.cn,Male,46 Truax Pass,Malay
236,Rana,Durbin,rdurbin6j@disqus.com,Female,7571 Ilene Hill,Haitian Creole
237,Malory,Jouen,mjouen6k@youku.com,Female,0 Ohio Crossing,Tamil
238,Laurianne,Bouda,lbouda6l@technorati.com,Female,3878 Lawn Center,Khmer
239,Libbie,Conachy,lconachy6m@issuu.com,Female,8427 Lakewood Crossing,Polish
240,Fianna,Emmines,femmines6n@shop-pro.jp,Female,1 Forest Way,Malayalam
241,Kerry,Codeman,kcodeman6o@aol.com,Female,42156 Delladonna Street,Oriya
242,Tonye,Brunt,tbrunt6p@wikimedia.org,Female,64 Park Meadow Hill,Kyrgyz
243,Adham,Melburg,amelburg6q@walmart.com,Male,8 Birchwood Alley,Lithuanian
244,Nissy,Farmery,nfarmery6r@bbb.org,Female,14 Carey Pass,Māori
245,Staffard,Le Jean,slejean6s@opensource.org,Male,887 Independence Pass,Italian
246,August,Tumini,atumini6t@miibeian.gov.cn,Male,468 Atwood Park,Aymara
247,Eran,Muffitt,emuffitt6u@artisteer.com,Female,467 Scoville Center,West Frisian
248,Dolph,Esparza,desparza6v@hc360.com,Male,27 Portage Center,New Zealand Sign Language
249,Evelyn,Playfair,eplayfair6w@163.com,Female,8782 Graceland Alley,Dari
250,Grantley,Weatherley,gweatherley6x@ucla.edu,Male,52274 Pankratz Alley,Gujarati
251,Giffy,Abelwhite,gabelwhite6y@acquirethisname.com,Male,763 Claremont Road,Romanian
252,Lemuel,Mynott,lmynott6z@google.ca,Male,7 Lakewood Gardens Center,New Zealand Sign Language
253,Odette,Ladloe,oladloe70@wikispaces.com,Female,691 Summerview Center,Latvian
254,Jerrie,Milksop,jmilksop71@de.vu,Male,15 Ronald Regan Circle,Dari
255,Laurie,Chittie,lchittie72@sbwire.com,Female,95888 Summit Junction,Swahili
256,Garrot,Corneille,gcorneille73@51.la,Male,85 Columbus Pass,Quechua
257,Zaneta,Ortmann,zortmann74@lycos.com,Female,4277 Milwaukee Hill,Oriya
258,Eddy,Tomlin,etomlin75@mtv.com,Male,1 Corscot Hill,Norwegian
259,Karola,Lorkins,klorkins76@miitbeian.gov.cn,Female,4 Almo Circle,Nepali
260,Cecilla,Soff,csoff77@uiuc.edu,Female,16 Forest Dale Center,Pashto
261,Valentino,Finlan,vfinlan78@clickbank.net,Male,07 7th Junction,Kurdish
262,Kristy,Munks,kmunks79@nasa.gov,Female,8 Cherokee Trail,Chinese
263,Harrietta,Belsey,hbelsey7a@japanpost.jp,Agender,68 Morningstar Parkway,Portuguese
264,Sloane,Margeram,smargeram7b@dropbox.com,Male,64048 Dunning Plaza,Hindi
265,Tan,Leadbitter,tleadbitter7c@cornell.edu,Male,7880 Raven Way,Malayalam
266,Tracey,Schwandermann,tschwandermann7d@intel.com,Female,8 Coleman Lane,Icelandic
267,Davon,Littlejohns,dlittlejohns7e@cdbaby.com,Male,9185 Village Road,Maltese
268,Aura,Sprankling,asprankling7f@dedecms.com,Female,212 Sachtjen Lane,Irish Gaelic
269,Zondra,Joul,zjoul7g@dell.com,Female,9065 Russell Crossing,Irish Gaelic
270,Dill,Van Waadenburg,dvanwaadenburg7h@yale.edu,Male,69 Debra Alley,German
271,Che,Kleisel,ckleisel7i@barnesandnoble.com,Male,1565 Pepper Wood Place,Catalan
272,Ashla,Padberry,apadberry7j@angelfire.com,Female,75309 Shelley Street,Hiri Motu
273,Dalston,Tucker,dtucker7k@yahoo.co.jp,Male,0203 Becker Drive,Thai
274,Idette,Swanne,iswanne7l@histats.com,Female,8986 Lien Point,Maltese
275,Bev,Brockest,bbrockest7m@aol.com,Female,848 Moland Street,Pashto
276,Brynna,Wennington,bwennington7n@wufoo.com,Female,6825 Main Way,Hiri Motu
277,Ros,Peatheyjohns,rpeatheyjohns7o@msn.com,Female,27 Thompson Place,Danish
278,Giraud,Wildey,gwildey7p@spotify.com,Male,495 Portage Street,Chinese
279,Ernesta,Spawell,espawell7q@taobao.com,Female,16704 Corscot Parkway,Zulu
280,Garnette,Henrys,ghenrys7r@patch.com,Female,51 Monument Plaza,Bulgarian
281,Jacenta,Baston,jbaston7s@economist.com,Female,63 Weeping Birch Junction,Moldovan
282,Wally,McCullen,wmccullen7t@wiley.com,Female,0 Mayer Way,Croatian
283,Delcine,Erbain,derbain7u@nydailynews.com,Female,19 Gerald Point,Indonesian
284,Stefano,Philippsohn,sphilippsohn7v@cdc.gov,Male,76 Columbus Trail,Albanian
285,Terri,Perillo,tperillo7w@oracle.com,Female,81038 Sauthoff Street,West Frisian
286,Willy,Bateson,wbateson7x@google.co.uk,Bigender,5 Summit Avenue,Tsonga
287,Karry,Phipps,kphipps7y@quantcast.com,Female,9513 East Road,Tajik
288,Marybeth,Moodycliffe,mmoodycliffe7z@homestead.com,Female,5 Ilene Avenue,Aymara
289,Noelle,Arkin,narkin80@constantcontact.com,Female,71627 Portage Alley,Romanian
290,Sanford,Felder,sfelder81@tiny.cc,Polygender,71 Sundown Circle,Spanish
291,Perle,Skilbeck,pskilbeck82@ezinearticles.com,Female,065 Florence Way,Somali
292,Forbes,Gregolotti,fgregolotti83@mysql.com,Male,36 Michigan Crossing,Swedish
293,Thadeus,Aberdalgy,taberdalgy84@scribd.com,Male,022 Meadow Vale Center,Azeri
294,Kendrick,Kruse,kkruse85@deliciousdays.com,Male,88021 Independence Trail,Northern Sotho
295,Lane,Seemmonds,lseemmonds86@dropbox.com,Female,4 Blaine Trail,Dutch
296,Bendix,Hearle,bhearle87@tripadvisor.com,Male,48 Reindahl Court,Gagauz
297,Cyrill,Bottoner,cbottoner88@loc.gov,Male,5 Summer Ridge Lane,Azeri
298,Monah,Harvison,mharvison89@imageshack.us,Female,82 Troy Trail,Kyrgyz
299,Innis,Spaunton,ispaunton8a@lulu.com,Male,04874 Goodland Place,Malayalam
300,Jessi,Aldington,jaldington8b@ovh.net,Female,4431 Surrey Way,Dhivehi
301,Leland,Mordacai,lmordacai8c@diigo.com,Male,0811 Burning Wood Terrace,Dzongkha
302,Bertie,Spurden,bspurden8d@hubpages.com,Female,9733 Bultman Road,Burmese
303,Simon,Plumbley,splumbley8e@geocities.com,Male,49 Hayes Junction,Macedonian
304,Padraic,Kenshole,pkenshole8f@forbes.com,Male,62 Karstens Point,Dari
305,Karrah,Phoenix,kphoenix8g@google.cn,Female,19 Kennedy Street,Hungarian
306,Even,Josephy,ejosephy8h@usda.gov,Polygender,41516 Hauk Park,New Zealand Sign Language
307,Tudor,Couvet,tcouvet8i@nytimes.com,Male,73 Pennsylvania Drive,Macedonian
308,Wendeline,Ambage,wambage8j@samsung.com,Genderqueer,1 Laurel Lane,Lithuanian
309,Isadora,Scullin,iscullin8k@noaa.gov,Female,43 Florence Road,Khmer
310,Michale,Coniff,mconiff8l@scribd.com,Agender,23 Mallory Place,Albanian
311,Loy,Balas,lbalas8m@livejournal.com,Genderqueer,1 Jana Hill,Portuguese
312,Boonie,Mac Giolla Pheadair,bmacgiollapheadair8n@biglobe.ne.jp,Male,11974 Eagan Drive,Kashmiri
313,Joann,Skouling,jskouling8o@studiopress.com,Female,12015 Packers Place,Hiri Motu
314,Rasla,Hyams,rhyams8p@washingtonpost.com,Female,718 Anthes Pass,Montenegrin
315,Hewet,Barroux,hbarroux8q@mail.ru,Male,52368 Dennis Park,Moldovan
316,Moira,Kenway,mkenway8r@over-blog.com,Female,803 Maple Trail,Chinese
317,Sheila,Kondratenko,skondratenko8s@mayoclinic.com,Female,4239 Mendota Parkway,Haitian Creole
318,Petronia,Handlin,phandlin8t@tinypic.com,Female,48 Oneill Lane,Swahili
319,Elfie,Isenor,eisenor8u@google.com.hk,Female,8156 Mallard Place,Norwegian
320,Tomasine,Marshal,tmarshal8v@vk.com,Female,052 Roxbury Crossing,Swahili
321,Bear,Yurin,byurin8w@tinyurl.com,Male,565 Truax Hill,Belarusian
322,Louis,Vakhrushev,lvakhrushev8x@dot.gov,Male,11 Morningstar Alley,Georgian
323,Rubina,Culwen,rculwen8y@msn.com,Female,08954 Lake View Park,Bengali
324,Carolyne,Gutridge,cgutridge8z@wikia.com,Female,36511 Anzinger Hill,German
325,Myles,Daughtrey,mdaughtrey90@tamu.edu,Male,1 Arrowood Place,Guaraní
326,Bram,Renneke,brenneke91@meetup.com,Male,6058 Rusk Terrace,Macedonian
327,Iggie,Charlick,icharlick92@spotify.com,Male,1 Bellgrove Hill,Greek
328,Patrizius,Ramet,pramet93@symantec.com,Male,006 Sloan Court,Afrikaans
329,Leeland,Tarbath,ltarbath94@altervista.org,Male,0301 Shelley Parkway,Finnish
330,Abran,Caret,acaret95@nature.com,Male,48 Tomscot Plaza,Maltese
331,Edithe,Bragg,ebragg96@purevolume.com,Female,57533 Thierer Plaza,Swedish
332,Calla,Erratt,cerratt97@boston.com,Female,29203 Petterle Road,Hungarian
333,Astra,Blitzer,ablitzer98@wp.com,Female,2 Village Plaza,German
334,Curt,Thiese,cthiese99@hexun.com,Male,8 Ilene Trail,Tajik
335,Mersey,MacMichael,mmacmichael9a@blogger.com,Female,7754 Lukken Lane,Gagauz
336,Kassandra,Reymers,kreymers9b@narod.ru,Bigender,476 Thackeray Circle,Maltese
337,Pearl,Edmundson,pedmundson9c@barnesandnoble.com,Female,18 Delladonna Place,Danish
338,Suzette,Verlinden,sverlinden9d@mysql.com,Female,9 Bobwhite Junction,Assamese
339,Felizio,Jan,fjan9e@dot.gov,Polygender,5 Stone Corner Drive,Georgian
340,Rebeca,Banishevitz,rbanishevitz9f@pbs.org,Genderfluid,66586 Talisman Crossing,Kyrgyz
341,Aldis,Thon,athon9g@scientificamerican.com,Male,07193 Algoma Lane,Tsonga
342,Cesaro,McCullagh,cmccullagh9h@odnoklassniki.ru,Male,64174 Bartillon Drive,Moldovan
343,Sidonnie,Bollands,sbollands9i@cisco.com,Female,20 Independence Plaza,Greek
344,Jarret,Carley,jcarley9j@vimeo.com,Male,90845 Jenna Place,Indonesian
345,Batsheva,Ropp,bropp9k@scribd.com,Female,65289 Mockingbird Drive,Malayalam
346,Waverly,Cattlemull,wcattlemull9l@reference.com,Male,039 Dexter Drive,Afrikaans
347,Angie,Aland,aaland9m@youku.com,Male,932 Kensington Place,Estonian
348,Niko,Petkovic,npetkovic9n@hexun.com,Male,229 Rockefeller Plaza,Somali
349,Christabella,Posten,cposten9o@google.es,Polygender,0111 Granby Alley,Assamese
350,Rance,Limpertz,rlimpertz9p@sciencedaily.com,Male,124 Stoughton Lane,Pashto
351,Stan,Keyden,skeyden9q@ycombinator.com,Male,3 Morningstar Circle,Hebrew
352,Brooks,Blankenship,bblankenship9r@unesco.org,Female,54 5th Drive,Marathi
353,Alaster,Dradey,adradey9s@eepurl.com,Male,61564 Norway Maple Place,Quechua
354,Nobie,McLenaghan,nmclenaghan9t@purevolume.com,Male,01027 Schiller Parkway,Estonian
355,Ambur,Dedon,adedon9u@wsj.com,Female,7558 Eagan Circle,Bengali
356,Bernita,Lowndsbrough,blowndsbrough9v@alexa.com,Genderqueer,4 Arrowood Junction,Swedish
357,Townsend,Grinikhinov,tgrinikhinov9w@purevolume.com,Male,8346 Dawn Way,Malagasy
358,Devondra,Cowap,dcowap9x@theguardian.com,Female,3 Daystar Center,Irish Gaelic
359,Jordana,O'Cahill,jocahill9y@vkontakte.ru,Female,2955 Westridge Hill,Khmer
360,Alverta,Toler,atoler9z@sbwire.com,Polygender,6 Mitchell Junction,Macedonian
361,Misti,Giacoppoli,mgiacoppolia0@geocities.jp,Female,78 Cordelia Avenue,Macedonian
362,Drona,Braker,dbrakera1@answers.com,Female,728 Fairview Pass,Guaraní
363,Dacie,Frobisher,dfrobishera2@hubpages.com,Female,84 Aberg Terrace,Tsonga
364,Rochella,Gilogly,rgiloglya3@netlog.com,Female,3 North Plaza,Tetum
365,Miller,Danilovic,mdanilovica4@go.com,Male,62 Arkansas Plaza,Bulgarian
366,Vail,Wethered,vwethereda5@apple.com,Male,4088 Burning Wood Hill,Portuguese
367,Anjela,Alfonsini,aalfonsinia6@spotify.com,Female,7015 Shasta Avenue,Croatian
368,Dottie,Rasper,draspera7@icq.com,Female,1910 Helena Way,Dutch
369,Gawen,Puve,gpuvea8@ox.ac.uk,Male,53905 Lukken Trail,Dari
370,Trev,de Bullion,tdebulliona9@indiatimes.com,Male,973 Darwin Court,Montenegrin
371,Giselle,Barthod,gbarthodaa@toplist.cz,Agender,9 Coolidge Terrace,Quechua
372,Perceval,Filppetti,pfilppettiab@cpanel.net,Male,88788 Warrior Street,Montenegrin
373,Markus,Reckhouse,mreckhouseac@squarespace.com,Male,9 Oxford Circle,Maltese
374,Hakeem,Elcome,helcomead@bravesites.com,Male,120 Banding Junction,Thai
375,Terence,Vezey,tvezeyae@mozilla.com,Male,335 Arrowood Terrace,Belarusian
376,Pepe,Hutfield,phutfieldaf@dion.ne.jp,Male,5 Scoville Avenue,Aymara
377,Nanny,Axworthy,naxworthyag@canalblog.com,Female,33479 Dakota Point,Burmese
378,Miguelita,Regan,mreganah@washington.edu,Female,010 Mandrake Junction,Papiamento
379,Reuven,Consterdine,rconsterdineai@harvard.edu,Male,4190 Victoria Center,Pashto
380,Gerik,MacArthur,gmacarthuraj@flavors.me,Male,29404 Merry Avenue,Belarusian
381,Monty,Godlip,mgodlipak@addthis.com,Male,489 Hayes Center,Japanese
382,Tore,Bendson,tbendsonal@buzzfeed.com,Non-binary,64103 Welch Park,Armenian
383,Mathilda,Gorden,mgordenam@npr.org,Female,9658 Hallows Junction,Bengali
384,Delainey,Fossord,dfossordan@harvard.edu,Male,58 American Ash Center,Luxembourgish
385,Jedd,Lordon,jlordonao@sourceforge.net,Male,5478 Anderson Junction,Dhivehi
386,Courtnay,Martinet,cmartinetap@dot.gov,Male,68449 Waxwing Street,Bislama
387,Gregoire,Ellison,gellisonaq@shop-pro.jp,Male,137 Manufacturers Crossing,Amharic
388,Elsie,Corona,ecoronaar@opensource.org,Bigender,28687 Maryland Park,French
389,Gabi,Hearson,ghearsonas@ow.ly,Male,0762 Lakewood Court,Assamese
390,Ali,Tumbridge,atumbridgeat@over-blog.com,Female,4 Prentice Place,Montenegrin
391,Wernher,Lutty,wluttyau@oracle.com,Male,732 Park Meadow Parkway,Papiamento
392,Bobine,Rance,branceav@twitter.com,Female,151 Sage Junction,Arabic
393,Emmie,Edwards,eedwardsaw@woothemes.com,Female,8 Scofield Terrace,Haitian Creole
394,Brianne,Josipovitz,bjosipovitzax@t-online.de,Female,68 Lillian Park,Bosnian
395,Rachel,Arrundale,rarrundaleay@about.me,Female,864 Emmet Circle,Quechua
396,Madelle,Michieli,mmichieliaz@zdnet.com,Female,31 Clarendon Drive,Guaraní
397,Kare,Daubeny,kdaubenyb0@joomla.org,Female,26913 Veith Pass,Somali
398,Starlene,Warbys,swarbysb1@toplist.cz,Female,95521 Di Loreto Court,Northern Sotho
399,Tynan,MacGiffin,tmacgiffinb2@infoseek.co.jp,Male,1 Shasta Drive,Hungarian
400,Donovan,Housley,dhousleyb3@cnn.com,Bigender,369 Green Place,Dhivehi
401,Katusha,Palin,kpalinb4@biblegateway.com,Female,94119 3rd Drive,Sotho
402,Benni,Bray,bbrayb5@ucoz.ru,Polygender,20667 Debra Park,Bislama
403,Emmi,Corneliussen,ecorneliussenb6@over-blog.com,Female,46443 Independence Court,French
404,Thaxter,Forde,tfordeb7@jigsy.com,Male,30 Boyd Road,Kyrgyz
405,Robbert,Toms,rtomsb8@surveymonkey.com,Male,7 Ridgeway Drive,Aymara
406,Zia,Sweedland,zsweedlandb9@icq.com,Female,32 Farwell Point,Yiddish
407,Isadora,Biddulph,ibiddulphba@youku.com,Female,2231 Kipling Street,Bulgarian
408,Erminie,Hagston,ehagstonbb@ycombinator.com,Female,510 Gerald Avenue,Polish
409,Charmian,Thayre,cthayrebc@google.ru,Female,77586 Dottie Crossing,Dutch
410,Inness,Over,ioverbd@last.fm,Male,51768 Warner Terrace,Malagasy
411,Kendrick,Camis,kcamisbe@dion.ne.jp,Male,67262 Westridge Avenue,Tswana
412,Gage,Oppery,gopperybf@clickbank.net,Male,86814 Kedzie Park,Maltese
413,Corena,Greaterex,cgreaterexbg@msn.com,Female,315 Nancy Way,Swati
414,Roland,Wastie,rwastiebh@jugem.jp,Male,50 Schmedeman Place,Czech
415,Reuven,Parkhouse,rparkhousebi@house.gov,Genderfluid,8259 Monica Pass,Norwegian
416,Keir,Fernao,kfernaobj@nydailynews.com,Male,76 Anhalt Center,Albanian
417,Dannie,Avraham,davrahambk@dagondesign.com,Female,431 Anhalt Trail,Māori
418,Prent,Hobbema,phobbemabl@narod.ru,Male,551 Ridgeway Lane,Swedish
419,Reiko,Phizackarley,rphizackarleybm@ucoz.com,Female,1 Cambridge Alley,Estonian
420,Antonino,Cawson,acawsonbn@bloglines.com,Male,14502 School Center,Haitian Creole
421,Betti,Benedek,bbenedekbo@digg.com,Female,50735 Muir Point,Zulu
422,Floris,Boodell,fboodellbp@bloglines.com,Female,795 Bartillon Avenue,Khmer
423,Haleigh,Ormes,hormesbq@telegraph.co.uk,Female,0321 Springview Avenue,Arabic
424,Martino,Batalle,mbatallebr@tumblr.com,Male,23738 Coleman Center,French
425,Rosaleen,Clemmensen,rclemmensenbs@google.cn,Female,7874 Mitchell Park,West Frisian
426,Gloriana,Cumberlidge,gcumberlidgebt@samsung.com,Female,9810 Sloan Crossing,Lithuanian
427,Rudolf,Cufflin,rcufflinbu@quantcast.com,Male,78960 Springs Point,Bengali
428,Katerine,Tydeman,ktydemanbv@de.vu,Female,0837 Warrior Trail,Swahili
429,Stearne,Marshman,smarshmanbw@msu.edu,Male,86306 Veith Way,Bengali
430,Darline,Emer,demerbx@icio.us,Female,87274 Bonner Junction,Latvian
431,Wallis,Rodolfi,wrodolfiby@google.es,Female,60601 Bobwhite Center,German
432,Lemar,Mallindine,lmallindinebz@mediafire.com,Male,344 Blaine Way,Tswana
433,Chelsy,Knoles,cknolesc0@princeton.edu,Female,1 Moulton Circle,Polish
434,Javier,Karpe,jkarpec1@samsung.com,Male,37599 Laurel Center,Aymara
435,Willie,Semarke,wsemarkec2@upenn.edu,Female,11168 Chive Circle,Nepali
436,Rivkah,Loyndon,rloyndonc3@senate.gov,Agender,6 Meadow Vale Junction,English
437,Ives,Scarrott,iscarrottc4@unblog.fr,Male,13 Fordem Trail,Tok Pisin
438,Myrilla,Soars,msoarsc5@un.org,Female,942 Browning Crossing,Zulu
439,Lambert,Frowen,lfrowenc6@sakura.ne.jp,Male,4 Service Center,Bengali
440,Irina,De'Ath,ideathc7@tmall.com,Female,08607 North Drive,Nepali
441,Shanon,Order,sorderc8@youtube.com,Female,834 Delladonna Drive,Japanese
442,Annie,Kornes,akornesc9@fastcompany.com,Female,08 Everett Alley,Gagauz
443,Dodie,Idle,didleca@archive.org,Female,5099 Sheridan Avenue,West Frisian
444,Adriane,Lepope,alepopecb@blogspot.com,Female,3779 Rockefeller Drive,Quechua
445,Estelle,Dailey,edaileycc@sciencedirect.com,Female,73840 Texas Terrace,Polish
446,Waylan,Suddards,wsuddardscd@a8.net,Male,420 1st Lane,Romanian
447,Nara,Mangon,nmangonce@webs.com,Female,324 6th Pass,Gagauz
448,Ugo,MacAskie,umacaskiecf@webnode.com,Male,305 Novick Terrace,Finnish
449,Vinni,Keyme,vkeymecg@loc.gov,Female,34 Toban Court,Tamil
450,Denny,Yurkevich,dyurkevichch@jimdo.com,Female,400 Muir Terrace,Mongolian
451,Daffy,Angrock,dangrockci@phpbb.com,Female,45202 Hanover Park,Tswana
452,Daphne,Soughton,dsoughtoncj@netvibes.com,Female,64319 Tony Terrace,Tswana
453,Pattie,Aristide,paristideck@whitehouse.gov,Male,6 Barnett Place,Bulgarian
454,Stanwood,Lissimore,slissimorecl@google.it,Male,09394 Haas Alley,Khmer
455,Gray,Duckering,gduckeringcm@sciencedaily.com,Male,55 Badeau Alley,Lao
456,Patrizio,McBay,pmcbaycn@japanpost.jp,Male,72760 Milwaukee Parkway,Hebrew
457,Sidnee,Legonidec,slegonidecco@webeden.co.uk,Male,31246 Schiller Junction,German
458,Lorinda,Cousin,lcousincp@berkeley.edu,Female,0 Emmet Center,Montenegrin
459,Gar,Rowlinson,growlinsoncq@umich.edu,Male,697 North Circle,Tsonga
460,Emalee,Marielle,emariellecr@github.io,Female,8 Maple Wood Drive,Georgian
461,Lamond,Dourin,ldourincs@gov.uk,Male,8758 Park Meadow Trail,Dhivehi
462,Hanni,Humbee,hhumbeect@apache.org,Female,90 Hudson Lane,Croatian
463,Cassondra,Kermon,ckermoncu@t-online.de,Female,6778 Namekagon Place,Norwegian
464,Weber,Storkes,wstorkescv@aol.com,Male,34985 Fulton Terrace,Latvian
465,Jehu,Perrington,jperringtoncw@cyberchimps.com,Male,96208 Lawn Trail,German
466,Meyer,Sutter,msuttercx@theatlantic.com,Male,5295 Pawling Terrace,Afrikaans
467,Elisabeth,Kingswold,ekingswoldcy@nature.com,Female,202 Eagle Crest Lane,Lithuanian
468,Jeanna,MacKaig,jmackaigcz@ebay.com,Female,3802 Basil Road,Moldovan
469,Reynard,Loader,rloaderd0@nydailynews.com,Male,98960 Mallard Point,Dutch
470,Cody,Brekonridge,cbrekonridged1@123-reg.co.uk,Male,8 Quincy Place,Moldovan
471,Haily,Dubbin,hdubbind2@discuz.net,Male,14 Clarendon Junction,Afrikaans
472,Nedda,Tolefree,ntolefreed3@artisteer.com,Female,740 Ilene Alley,Italian
473,Marven,Trevaskis,mtrevaskisd4@xrea.com,Polygender,03477 Dovetail Lane,Hiri Motu
474,Haven,Dureden,hduredend5@tiny.cc,Male,0 Fuller Trail,Danish
475,Marcia,Eccersley,meccersleyd6@epa.gov,Female,8155 Autumn Leaf Lane,Bislama
476,Mozes,Best,mbestd7@archive.org,Male,41156 Memorial Alley,Bosnian
477,Emogene,Clutterbuck,eclutterbuckd8@berkeley.edu,Female,62 Surrey Junction,Moldovan
478,Skylar,Aitchison,saitchisond9@answers.com,Male,356 Randy Street,Japanese
479,Brennen,Gauler,bgaulerda@shareasale.com,Bigender,8 Trailsway Terrace,Assamese
480,Tammara,Coady,tcoadydb@discuz.net,Female,5137 Ryan Terrace,Latvian
481,Isa,Bourcq,ibourcqdc@mashable.com,Male,2358 Sauthoff Road,Ndebele
482,Lynda,McLinden,lmclindendd@ft.com,Female,7 Summerview Place,Czech
483,Silva,Danelut,sdanelutde@ovh.net,Female,4194 Independence Circle,Indonesian
484,Thia,Daville,tdavilledf@paypal.com,Polygender,6 Bobwhite Plaza,Italian
485,Olivette,Bockett,obockettdg@w3.org,Female,669 Burrows Crossing,Arabic
486,Angelique,Entres,aentresdh@clickbank.net,Female,002 Butterfield Pass,Dutch
487,Buiron,Calverd,bcalverddi@businessweek.com,Male,819 Summerview Center,New Zealand Sign Language
488,Lotti,McLemon,lmclemondj@pinterest.com,Female,8965 Nobel Plaza,Sotho
489,Junie,Swyn,jswyndk@go.com,Female,25 Green Ridge Trail,Tswana
490,Bobby,Gisborne,bgisbornedl@yellowpages.com,Female,35 Sundown Drive,Tamil
491,Ronnie,Mitchiner,rmitchinerdm@home.pl,Male,700 East Junction,Persian
492,Joanna,Wann,jwanndn@bigcartel.com,Female,5 Forster Road,Croatian
493,Glyn,Bruce,gbrucedo@cnbc.com,Genderqueer,98009 Holy Cross Way,Czech
494,Rosanne,Marfell,rmarfelldp@devhub.com,Genderfluid,62 Manitowish Avenue,Northern Sotho
495,Sunny,Tench,stenchdq@alexa.com,Male,20356 Prairieview Plaza,Lao
496,Juliet,Scallon,jscallondr@nytimes.com,Female,6190 Judy Drive,Sotho
497,Malynda,Ivashkin,mivashkinds@joomla.org,Female,5412 Logan Way,Gagauz
498,Washington,Zieme,wziemedt@indiegogo.com,Male,52837 Washington Parkway,Moldovan
499,Dulcie,Cahn,dcahndu@dagondesign.com,Female,90829 Debs Drive,Sotho
500,Constantin,Twells,ctwellsdv@youku.com,Male,528 Graceland Park,Bengali
501,Marlowe,Ault,maultdw@hatena.ne.jp,Male,4268 Main Pass,Marathi
502,Sadella,Farquarson,sfarquarsondx@tinyurl.com,Female,741 Park Meadow Drive,Filipino
503,Costanza,Rosenzveig,crosenzveigdy@techcrunch.com,Female,55 Russell Center,Burmese
504,Ulla,Saffle,usaffledz@wordpress.com,Female,3 Mayer Crossing,Tswana
505,Lawton,Pugsley,lpugsleye0@icq.com,Male,6213 Cambridge Place,Estonian
506,Chelsy,Mabley,cmableye1@archive.org,Female,74 Bellgrove Plaza,Romanian
507,Fonsie,Pepineaux,fpepineauxe2@illinois.edu,Male,185 Amoth Terrace,Indonesian
508,Alexa,Tigwell,atigwelle3@spotify.com,Female,2963 Rockefeller Hill,Oriya
509,Abbe,Vanyarkin,avanyarkine4@wufoo.com,Female,56478 Mcbride Crossing,Luxembourgish
510,Euell,Grishinov,egrishinove5@sfgate.com,Male,65921 John Wall Point,Japanese
511,Rosabel,Coutts,rcouttse6@ezinearticles.com,Female,56 Michigan Terrace,Tswana
512,Becki,Hinksen,bhinksene7@netlog.com,Female,427 Blackbird Terrace,Filipino
513,Creighton,Fetherstone,cfetherstonee8@creativecommons.org,Male,7996 Leroy Crossing,Irish Gaelic
514,Berny,Jayume,bjayumee9@reference.com,Female,9 Superior Point,Greek
515,Merissa,Kilcullen,mkilcullenea@wired.com,Female,1632 Prairieview Hill,Yiddish
516,Caritta,Guthrum,cguthrumeb@eepurl.com,Female,48 Reindahl Junction,Japanese
517,Leelah,Sapshed,lsapshedec@army.mil,Female,27439 Muir Center,Norwegian
518,Sergio,Mamwell,smamwelled@opera.com,Male,422 Pepper Wood Street,Estonian
519,Stepha,O'Flaherty,soflahertyee@miibeian.gov.cn,Female,96933 Troy Hill,Azeri
520,Lothaire,Bunker,lbunkeref@prweb.com,Male,02975 Ludington Way,Estonian
521,Adan,Greasty,agreastyeg@hibu.com,Agender,3906 Northfield Place,Danish
522,Gwenneth,Voaden,gvoadeneh@businesswire.com,Female,5 Center Street,Czech
523,Aime,Cornels,acornelsei@de.vu,Female,233 Jackson Place,Fijian
524,Bob,Blankley,bblankleyej@paypal.com,Male,215 Rowland Hill,Belarusian
525,Diandra,Rizzo,drizzoek@nifty.com,Female,9 Bashford Center,Sotho
526,Lenard,Blake,lblakeel@state.gov,Male,23 Northwestern Trail,Latvian
527,Faustine,Coraini,fcorainiem@artisteer.com,Female,7 Ronald Regan Crossing,Haitian Creole
528,Kym,Boswood,kboswooden@privacy.gov.au,Agender,959 Riverside Trail,Greek
529,Ruttger,Paine,rpaineeo@springer.com,Male,5 Prairieview Trail,Georgian
530,Ward,Bourthoumieux,wbourthoumieuxep@foxnews.com,Male,1 Village Plaza,Arabic
531,Beckie,Appleyard,bappleyardeq@google.it,Female,0 Hauk Place,Dutch
532,Rafael,Scholig,rscholiger@tinyurl.com,Male,18 Marquette Street,Bulgarian
533,Ginevra,Belison,gbelisones@ucla.edu,Female,258 Merchant Pass,Latvian
534,Giorgi,Quest,gquestet@ycombinator.com,Male,0 Paget Terrace,Ndebele
535,Ulberto,Rowdell,urowdelleu@aboutads.info,Male,98 Hagan Road,Malagasy
536,Care,Prendeguest,cprendeguestev@goodreads.com,Male,6000 Rieder Plaza,Swati
537,Codie,Gantlett,cgantlettew@prlog.org,Female,7 Sutteridge Crossing,German
538,Sibeal,Bilofsky,sbilofskyex@pagesperso-orange.fr,Female,54 Hanover Parkway,Lithuanian
539,Cammie,Ollington,collingtoney@nyu.edu,Female,274 Cambridge Trail,Amharic
540,Valina,Niset,vnisetez@netlog.com,Female,9235 Springs Junction,Armenian
541,Ellary,Malby,emalbyf0@networkadvertising.org,Male,186 Fremont Court,West Frisian
542,Claudetta,Sifflett,csifflettf1@linkedin.com,Female,1 Montana Way,Quechua
543,Harwilll,Wedlake,hwedlakef2@t.co,Male,4180 Lake View Way,Kurdish
544,Margalo,Roy,mroyf3@wikispaces.com,Female,8905 Stuart Street,Estonian
545,Willy,Covotto,wcovottof4@ifeng.com,Male,3279 Warner Drive,Kurdish
546,Sansone,Paszak,spaszakf5@walmart.com,Male,022 Ridgeview Place,Quechua
547,Lucilia,Gail,lgailf6@blogger.com,Female,558 Kensington Trail,Gujarati
548,Noah,Witherspoon,nwitherspoonf7@state.tx.us,Male,9 Burning Wood Junction,Albanian
549,Ray,Devenish,rdevenishf8@purevolume.com,Male,4 Bay Trail,Japanese
550,Jan,Burnet,jburnetf9@nsw.gov.au,Female,29 Bunting Court,Malagasy
551,Meridith,Murname,mmurnamefa@liveinternet.ru,Bigender,951 Mallory Crossing,Swahili
552,Jamison,Kennally,jkennallyfb@un.org,Male,19 Moulton Parkway,Indonesian
553,Amelina,Deyenhardt,adeyenhardtfc@geocities.jp,Female,7 Shoshone Court,Portuguese
554,Ingmar,Ferroli,iferrolifd@cornell.edu,Male,17404 Mayer Terrace,Croatian
555,Fields,Salvatore,fsalvatorefe@blogtalkradio.com,Male,8427 Wayridge Alley,Swahili
556,Kendall,Lackner,klacknerff@shop-pro.jp,Male,9 Carberry Point,Bislama
557,Lorrie,Biffen,lbiffenfg@wufoo.com,Genderfluid,5 Northview Park,Japanese
558,Alexi,Lyokhin,alyokhinfh@themeforest.net,Female,9153 Welch Avenue,Montenegrin
559,Amalie,Imlock,aimlockfi@techcrunch.com,Female,381 Garrison Crossing,Telugu
560,Eudora,Bordone,ebordonefj@geocities.jp,Female,9 Surrey Park,Nepali
561,Bernita,Blunkett,bblunkettfk@seattletimes.com,Female,52375 Rowland Pass,Japanese
562,Ximenez,Acres,xacresfl@ted.com,Male,82 Thompson Terrace,Polish
563,Lena,Heard,lheardfm@oracle.com,Female,999 Darwin Parkway,Polish
564,Lilas,Adamiec,ladamiecfn@wikipedia.org,Female,59 School Place,Punjabi
565,Sammy,Hamsley,shamsleyfo@youku.com,Female,1 David Trail,Telugu
566,Marie-ann,Otridge,motridgefp@fotki.com,Female,23751 Bonner Circle,Nepali
567,Cassie,Halpin,chalpinfq@digg.com,Male,2 Browning Street,Croatian
568,Horten,Buswell,hbuswellfr@nature.com,Male,218 Almo Lane,Kashmiri
569,Paige,Roxby,proxbyfs@howstuffworks.com,Female,079 Graceland Circle,Tok Pisin
570,Ezmeralda,Marte,emarteft@twitpic.com,Female,8 Fuller Avenue,Yiddish
571,Cooper,Blampy,cblampyfu@mysql.com,Male,2736 Fairfield Drive,Finnish
572,Marlo,Peddowe,mpeddowefv@auda.org.au,Female,07565 Cottonwood Court,Lao
573,Neilla,Scrine,nscrinefw@jugem.jp,Female,13 Scott Circle,Croatian
574,Cesar,Cheke,cchekefx@gizmodo.com,Male,5140 Dryden Center,Spanish
575,Melody,Gillopp,mgilloppfy@csmonitor.com,Female,80875 Utah Junction,Norwegian
576,Gerri,Blampied,gblampiedfz@networksolutions.com,Male,026 Sachtjen Place,Macedonian
577,Stevy,Briance,sbrianceg0@dion.ne.jp,Male,51 Anderson Center,Kazakh
578,Charmine,Blazek,cblazekg1@example.com,Female,1 Chinook Way,Māori
579,Isobel,Baford,ibafordg2@amazon.co.uk,Female,83880 Reinke Parkway,Guaraní
580,Cordie,Woodstock,cwoodstockg3@trellian.com,Female,1 Melvin Center,Māori
581,Chilton,Boustred,cboustredg4@vkontakte.ru,Male,0244 Kings Avenue,Swati
582,Levi,Tivenan,ltivenang5@hubpages.com,Male,56 Bunting Center,Finnish
583,Marijn,Newgrosh,mnewgroshg6@phoca.cz,Male,3 Sherman Center,Maltese
584,Ferrell,Kiehnlt,fkiehnltg7@jigsy.com,Male,7 Forest Run Parkway,Japanese
585,Clair,Styant,cstyantg8@technorati.com,Male,3157 Carey Pass,Malagasy
586,Dawna,Swanton,dswantong9@google.de,Female,400 Montana Trail,Sotho
587,Lida,Bulger,lbulgerga@canalblog.com,Female,27683 Moose Lane,Finnish
588,Arturo,McCobb,amccobbgb@feedburner.com,Non-binary,402 Morning Place,Dutch
589,Carilyn,Bole,cbolegc@xinhuanet.com,Female,111 Rockefeller Parkway,Amharic
590,Lona,Robertucci,lrobertuccigd@webnode.com,Female,78 Quincy Terrace,Malagasy
591,Morgana,Pickerell,mpickerellge@yellowbook.com,Female,52007 Westport Crossing,Icelandic
592,Garwood,Calleja,gcallejagf@columbia.edu,Male,17 Cherokee Court,Fijian
593,Ninetta,Vinter,nvintergg@moonfruit.com,Female,4 Pierstorff Center,Khmer
594,Adelice,Keasley,akeasleygh@ox.ac.uk,Female,5181 Rieder Drive,Finnish
595,Alicea,Tock,atockgi@jiathis.com,Female,71467 Sherman Hill,Haitian Creole
596,Uri,Caulder,ucauldergj@princeton.edu,Male,2 Karstens Terrace,Macedonian
597,Mirna,Aime,maimegk@yale.edu,Agender,34749 Grim Plaza,Quechua
598,Gawen,Gaul,ggaulgl@chron.com,Male,69115 Annamark Circle,Azeri
599,Kip,Wabb,kwabbgm@vkontakte.ru,Female,43515 Mcbride Place,Bulgarian
600,Briano,Theodoris,btheodorisgn@blogger.com,Genderqueer,296 Graceland Circle,Oriya
601,Sally,Pattlel,spattlelgo@stanford.edu,Female,208 Dixon Avenue,Moldovan
602,Perri,Gouldstraw,pgouldstrawgp@newyorker.com,Female,3031 Moose Court,Dari
603,Rois,Hay,rhaygq@auda.org.au,Female,3877 Katie Avenue,Lao
604,Ethelind,Martinson,emartinsongr@moonfruit.com,Female,9708 Trailsway Crossing,English
605,Lorene,Ondrak,londrakgs@go.com,Female,647 Moulton Parkway,Icelandic
606,Dwight,Slorance,dslorancegt@1688.com,Male,40088 Killdeer Pass,Telugu
607,Francesco,Harraway,fharrawaygu@census.gov,Bigender,8589 5th Alley,Danish
608,Virgil,Ripper,vrippergv@tamu.edu,Male,9 Westerfield Pass,Haitian Creole
609,Natalya,Aldhous,naldhousgw@unblog.fr,Female,21 Magdeline Alley,Nepali
610,Wilone,Brothwell,wbrothwellgx@deviantart.com,Female,7 Briar Crest Way,Māori
611,Darleen,Dodle,ddodlegy@chron.com,Female,86 Dwight Circle,Bosnian
612,Wrennie,Streatfeild,wstreatfeildgz@hp.com,Female,8 Kipling Crossing,Tsonga
613,Skipper,Fruen,sfruenh0@imageshack.us,Male,553 Bunker Hill Plaza,Zulu
614,Averil,Kenderdine,akenderdineh1@narod.ru,Male,36548 Jay Crossing,Bengali
615,Raquela,Wombwell,rwombwellh2@tinyurl.com,Female,6 7th Center,German
616,Gates,Welbourn,gwelbournh3@goo.gl,Polygender,753 Northridge Point,Spanish
617,Marysa,Meijer,mmeijerh4@4shared.com,Female,2246 Texas Court,Belarusian
618,Rhett,Moxsom,rmoxsomh5@china.com.cn,Male,564 Mandrake Parkway,French
619,Laura,Scuse,lscuseh6@example.com,Female,812 Fairview Trail,Romanian
620,Carolynn,Herkess,cherkessh7@sfgate.com,Female,625 Buhler Junction,Macedonian
621,Fairleigh,Rubinowicz,frubinowiczh8@accuweather.com,Male,7 Fallview Drive,Ndebele
622,Mellie,Dudden,mduddenh9@noaa.gov,Female,18638 Ramsey Point,Georgian
623,Trisha,Camilleri,tcamilleriha@google.co.uk,Female,938 Lakewood Gardens Terrace,Fijian
624,Halley,Bearne,hbearnehb@geocities.jp,Female,82445 Thackeray Way,Swati
625,Verena,Scramage,vscramagehc@oracle.com,Polygender,044 North Way,Guaraní
626,Karel,Panter,kpanterhd@jugem.jp,Bigender,57587 Loftsgordon Court,Māori
627,Millard,Botterell,mbotterellhe@usgs.gov,Male,83 Mallard Plaza,Afrikaans
628,Bobbi,Scotcher,bscotcherhf@businesswire.com,Female,5659 Anthes Point,Irish Gaelic
629,Flore,Lamprecht,flamprechthg@vinaora.com,Female,4030 Mayfield Plaza,Czech
630,Kirstin,MacConnel,kmacconnelhh@wikia.com,Female,78 Clyde Gallagher Center,Afrikaans
631,Whitaker,Smalcombe,wsmalcombehi@webeden.co.uk,Male,14 Glendale Street,Latvian
632,Janet,Grahlmans,jgrahlmanshj@bravesites.com,Female,4445 Weeping Birch Point,Sotho
633,Joli,Winchcomb,jwinchcombhk@rakuten.co.jp,Female,6 Fulton Lane,Quechua
634,Austin,Garside,agarsidehl@canalblog.com,Non-binary,54435 Service Trail,Punjabi
635,Halsy,Benn,hbennhm@techcrunch.com,Polygender,309 Dakota Terrace,Kurdish
636,Lelah,Caruth,lcaruthhn@theguardian.com,Female,70 American Ash Avenue,Luxembourgish
637,Magdalena,Condie,mcondieho@moonfruit.com,Female,20 Dahle Court,Aymara
638,Shawna,Garfath,sgarfathhp@microsoft.com,Female,0 Superior Drive,Irish Gaelic
639,Reg,Liddyard,rliddyardhq@google.co.jp,Male,1 Jenna Road,New Zealand Sign Language
640,Marlane,Hounsome,mhounsomehr@nba.com,Female,540 Fuller Parkway,Catalan
641,Hermia,Chrishop,hchrishophs@bloglines.com,Agender,496 Little Fleur Lane,Zulu
642,Stearn,Reuter,sreuterht@storify.com,Male,4 Eggendart Point,Irish Gaelic
643,Lura,Jeannesson,ljeannessonhu@loc.gov,Female,06 Basil Alley,Marathi
644,Brett,Borell,bborellhv@youtu.be,Female,4 Bashford Park,Sotho
645,Dolly,Gowler,dgowlerhw@bizjournals.com,Female,57423 Sage Place,German
646,Sig,Blesli,sbleslihx@cloudflare.com,Male,78662 Bay Road,Azeri
647,Sherlocke,Jowett,sjowetthy@mozilla.org,Male,793 Wayridge Hill,New Zealand Sign Language
648,Benjie,Fruen,bfruenhz@creativecommons.org,Male,2912 Milwaukee Drive,Armenian
649,Erny,Duckett,educketti0@google.co.jp,Male,30058 Johnson Street,Fijian
650,Hinda,Challener,hchalleneri1@bbc.co.uk,Female,773 Summer Ridge Parkway,West Frisian
651,Wit,Lecky,wleckyi2@1688.com,Male,048 Waxwing Street,Moldovan
652,Che,Probate,cprobatei3@oaic.gov.au,Male,03 Bellgrove Crossing,Somali
653,Frazier,Manginot,fmanginoti4@pbs.org,Male,02796 Scott Parkway,Tok Pisin
654,Micheal,Osanne,mosannei5@mayoclinic.com,Male,035 Gina Avenue,Hiri Motu
655,Dael,Porcas,dporcasi6@woothemes.com,Female,9499 Arapahoe Park,Filipino
656,Rodina,Lyston,rlystoni7@drupal.org,Female,0 Monica Hill,Dhivehi
657,Guillermo,Charrette,gcharrettei8@imdb.com,Male,7 Lindbergh Parkway,Spanish
658,Sharona,Yexley,syexleyi9@techcrunch.com,Female,5 Bayside Court,Dutch
659,Leesa,Cornborough,lcornboroughia@fastcompany.com,Female,741 Sheridan Junction,Portuguese
660,Francoise,Watkiss,fwatkissib@geocities.jp,Female,797 Oakridge Way,Irish Gaelic
661,Thomasa,Walczak,twalczakic@csmonitor.com,Female,3 Graceland Parkway,Burmese
662,Carlota,Lightewood,clightewoodid@pen.io,Female,7 Lake View Circle,Kurdish
663,Janenna,Risebarer,jrisebarerie@patch.com,Female,5 Merchant Plaza,Hungarian
664,Bethany,Riping,bripingif@goo.ne.jp,Female,82 Dottie Trail,Yiddish
665,Claudine,Aymer,caymerig@google.fr,Female,35142 Elgar Plaza,Tok Pisin
666,Carey,Cregg,ccreggih@mysql.com,Male,0524 Quincy Hill,Pashto
667,Joel,Dear,jdearii@github.com,Male,4 Sheridan Lane,Hindi
668,Paulie,Uebel,puebelij@hc360.com,Female,968 Corry Avenue,Guaraní
669,Jeremie,Sopp,jsoppik@umn.edu,Male,69 Waywood Road,Punjabi
670,Delbert,Bernardon,dbernardonil@ted.com,Male,98 Eastwood Center,Sotho
671,Hazlett,MacCartney,hmaccartneyim@java.com,Genderqueer,63834 Holy Cross Center,Mongolian
672,Blayne,Bernardt,bbernardtin@springer.com,Male,36 Superior Parkway,Catalan
673,Alida,Habeshaw,ahabeshawio@stanford.edu,Female,17 Di Loreto Center,Latvian
674,Eada,Okey,eokeyip@360.cn,Genderqueer,5 Anderson Drive,German
675,Ileana,Bowmer,ibowmeriq@boston.com,Genderqueer,644 Vidon Court,Catalan
676,Dillon,Coatts,dcoattsir@techcrunch.com,Male,49231 Farmco Junction,Somali
677,Scarlett,Duker,sdukeris@google.com.br,Female,1333 Dunning Crossing,Bosnian
678,Jasmin,Doolan,jdoolanit@weebly.com,Female,3 Gerald Lane,French
679,Federico,Archer,farcheriu@deliciousdays.com,Male,0709 Pine View Avenue,Quechua
680,Tome,Graine,tgraineiv@nytimes.com,Male,46060 Burning Wood Park,Fijian
681,Wallace,O'Brian,wobrianiw@hatena.ne.jp,Male,8 Sommers Place,Finnish
682,Kai,Dadge,kdadgeix@bbc.co.uk,Genderqueer,95552 Heffernan Point,Gujarati
683,Jackquelin,Tayspell,jtayspelliy@gravatar.com,Female,721 Pine View Terrace,Malagasy
684,Billy,Venning,bvenningiz@ning.com,Male,87 Clarendon Circle,Italian
685,Shandy,Hariot,shariotj0@virginia.edu,Female,550 Westend Drive,Telugu
686,Trstram,Chinnery,tchinneryj1@microsoft.com,Male,85657 Marcy Place,Danish
687,Wright,Stanistrete,wstanistretej2@google.co.jp,Male,607 Kingsford Park,German
688,Mathe,Enticknap,menticknapj3@clickbank.net,Male,4 Graedel Center,Bosnian
689,Trent,Sykora,tsykoraj4@netvibes.com,Male,8946 Mariners Cove Junction,Icelandic
690,Chris,Barnes,cbarnesj5@yahoo.co.jp,Male,039 Ludington Street,Quechua
691,Theodoric,Colquitt,tcolquittj6@printfriendly.com,Male,393 Bobwhite Plaza,Khmer
692,Ephrem,Kelso,ekelsoj7@hibu.com,Male,903 Haas Way,Bosnian
693,Karoly,Scardifield,kscardifieldj8@newyorker.com,Female,5353 Tennessee Alley,Norwegian
694,Allie,Macek,amacekj9@wordpress.org,Female,85 Hudson Park,West Frisian
695,Kenna,Gipp,kgippja@1und1.de,Female,87 Elka Junction,Zulu
696,Mattheus,Canet,mcanetjb@weebly.com,Genderfluid,02105 Hermina Road,Assamese
697,Ethyl,Tapner,etapnerjc@sohu.com,Female,5161 Dexter Avenue,Aymara
698,Kimbell,Martusewicz,kmartusewiczjd@nature.com,Male,62448 Ohio Avenue,West Frisian
699,Kelvin,Campelli,kcampellije@weather.com,Male,76 Calypso Lane,Tamil
700,Antonietta,Gavozzi,agavozzijf@about.com,Female,52 Sheridan Pass,Kyrgyz
701,Royce,Moden,rmodenjg@bbb.org,Male,6 Susan Circle,Italian
702,Price,Armfirld,parmfirldjh@livejournal.com,Male,8504 Pepper Wood Place,Indonesian
703,Tabitha,Chastney,tchastneyji@businesswire.com,Female,74 Village Green Crossing,Burmese
704,Clareta,Blaszczak,cblaszczakjj@ucoz.ru,Female,47117 Upham Pass,Hebrew
705,Giffy,Clemot,gclemotjk@dot.gov,Male,85064 Autumn Leaf Court,Lao
706,Kennan,Zorzi,kzorzijl@harvard.edu,Male,2126 Leroy Alley,Aymara
707,Belita,Shacklady,bshackladyjm@geocities.com,Female,45827 Rusk Pass,Zulu
708,Kirk,Headech,kheadechjn@privacy.gov.au,Male,28666 Ruskin Court,Bislama
709,Hastie,Linnell,hlinnelljo@slideshare.net,Male,9 Gina Avenue,Kyrgyz
710,Florry,Isgar,fisgarjp@multiply.com,Female,79 Reinke Crossing,New Zealand Sign Language
711,Gary,Rosencrantz,grosencrantzjq@purevolume.com,Male,1951 Springs Street,Persian
712,Mayer,Corgenvin,mcorgenvinjr@jiathis.com,Male,9823 Sherman Circle,Malay
713,Belicia,Lovat,blovatjs@nasa.gov,Female,681 Texas Hill,New Zealand Sign Language
714,Shara,Pedder,spedderjt@nba.com,Female,0 Waxwing Center,Dari
715,Cristiano,Owttrim,cowttrimju@blogger.com,Male,46 Dapin Point,Belarusian
716,Lorens,Simmens,lsimmensjv@fastcompany.com,Male,82339 South Trail,Aymara
717,Bellanca,McTurk,bmcturkjw@netvibes.com,Female,286 Westridge Crossing,Croatian
718,Jewel,Sillick,jsillickjx@icio.us,Genderfluid,4 Sundown Drive,Filipino
719,Babb,Pringley,bpringleyjy@state.tx.us,Agender,80 Hansons Drive,Japanese
720,Warde,Pember,wpemberjz@smugmug.com,Male,20 Stang Crossing,Macedonian
721,Estell,Tothacot,etothacotk0@shutterfly.com,Female,70 Boyd Terrace,Thai
722,Hedwiga,Olver,holverk1@ed.gov,Female,1313 American Ash Park,Swati
723,Anne,Rappport,arappportk2@mozilla.com,Female,6 Talmadge Drive,Moldovan
724,Rikki,Gerardi,rgerardik3@goo.gl,Female,61 2nd Circle,Montenegrin
725,Levin,Felton,lfeltonk4@msn.com,Male,553 Northview Lane,Thai
726,Valentine,Abrahim,vabrahimk5@upenn.edu,Female,97 Banding Plaza,Filipino
727,Farlee,Gages,fgagesk6@intel.com,Male,4 Bluejay Street,Portuguese
728,Kettie,Duferie,kduferiek7@gov.uk,Female,38860 Toban Junction,Armenian
729,Arch,Moorcraft,amoorcraftk8@engadget.com,Male,8 Veith Court,Kurdish
730,Gipsy,Antonoyev,gantonoyevk9@google.co.jp,Female,8 Dapin Court,Lithuanian
731,Huntington,Costigan,hcostiganka@uol.com.br,Male,19 Harper Parkway,Māori
732,Marna,Dominguez,mdominguezkb@tamu.edu,Female,9576 Helena Court,Afrikaans
733,Moe,Renner,mrennerkc@umich.edu,Male,5 Lakewood Park,Tajik
734,Leela,Francombe,lfrancombekd@usgs.gov,Female,298 Sheridan Alley,Telugu
735,Sam,Coules,scouleske@unicef.org,Female,64819 Mayer Road,Bislama
736,Hallie,Aitken,haitkenkf@blogspot.com,Female,847 Larry Circle,Northern Sotho
737,Henryetta,Meineking,hmeinekingkg@spotify.com,Female,978 Merchant Road,Bulgarian
738,Idalia,Stearndale,istearndalekh@thetimes.co.uk,Genderfluid,884 Meadow Valley Terrace,Amharic
739,Lorrie,Moyle,lmoyleki@feedburner.com,Bigender,32262 Oak Circle,Montenegrin
740,Robinett,Flather,rflatherkj@woothemes.com,Female,549 Norway Maple Road,Nepali
741,Puff,Atton,pattonkk@istockphoto.com,Male,0498 Wayridge Place,Arabic
742,Smitty,Varian,svariankl@sphinn.com,Male,1542 Erie Avenue,West Frisian
743,Alma,Strothers,astrotherskm@1688.com,Female,350 Caliangt Place,Nepali
744,Chelsy,Grestie,cgrestiekn@soundcloud.com,Female,665 Westend Street,Montenegrin
745,Garrek,Fourmy,gfourmyko@youtu.be,Male,3427 Prentice Lane,Macedonian
746,Estevan,Murname,emurnamekp@msu.edu,Male,280 Hoepker Way,Portuguese
747,Zena,Sprigg,zspriggkq@wunderground.com,Female,32 Grayhawk Crossing,Thai
748,Celia,Trenoweth,ctrenowethkr@github.io,Female,496 Washington Drive,Dhivehi
749,Curr,Honniebal,chonniebalks@studiopress.com,Male,61 Morrow Place,Swati
750,Rica,Lomb,rlombkt@quantcast.com,Female,6366 Eagle Crest Center,Gujarati
751,Suzann,Franzewitch,sfranzewitchku@auda.org.au,Female,7685 Cherokee Terrace,Japanese
752,Collen,Joyes,cjoyeskv@nature.com,Bigender,1 Esker Point,Tswana
753,Jerrilyn,Warren,jwarrenkw@si.edu,Non-binary,51 Toban Junction,Dzongkha
754,Jorey,Borleace,jborleacekx@tripadvisor.com,Female,40796 Oak Junction,Greek
755,Ira,Fancott,ifancottky@nifty.com,Female,75228 Nancy Hill,Burmese
756,Inger,Reaney,ireaneykz@google.fr,Female,14 Texas Place,Gujarati
757,Kingsly,Wringe,kwringel0@networkadvertising.org,Male,22734 Main Hill,Greek
758,Lillian,Rodder,lrodderl1@drupal.org,Female,8707 Melody Park,Korean
759,Lenna,Peter,lpeterl2@surveymonkey.com,Female,4530 Londonderry Avenue,Burmese
760,Andrus,Magrane,amagranel3@earthlink.net,Male,975 Jenna Circle,Dutch
761,Kalvin,Ruprecht,kruprechtl4@google.de,Male,53266 Holy Cross Circle,Punjabi
762,Cobby,MacDwyer,cmacdwyerl5@unesco.org,Male,4 Iowa Point,Northern Sotho
763,Kenny,Jarry,kjarryl6@marketwatch.com,Male,130 Eagle Crest Court,Malay
764,Antoinette,Ingerman,aingermanl7@icq.com,Female,34823 Pine View Parkway,Hiri Motu
765,Melli,Wilcott,mwilcottl8@comcast.net,Female,004 Montana Road,Swati
766,Pamelina,Marnes,pmarnesl9@cyberchimps.com,Female,8180 Nova Plaza,Nepali
767,Bennett,Odeson,bodesonla@unc.edu,Male,4486 Hoepker Terrace,Tok Pisin
768,Aurie,Giovannelli,agiovannellilb@umich.edu,Female,790 Bartillon Hill,Portuguese
769,Dolf,Cornbell,dcornbelllc@soup.io,Male,90 6th Way,Indonesian
770,Sile,Howselee,showseleeld@gnu.org,Genderqueer,1618 Sherman Circle,Maltese
771,Tedra,O'Connolly,toconnollyle@uol.com.br,Female,46 Northland Trail,Bengali
772,Timmi,Gregorace,tgregoracelf@51.la,Agender,950 Wayridge Park,Assamese
773,Derick,Steuart,dsteuartlg@angelfire.com,Male,551 Heath Terrace,Swahili
774,Annmaria,Bjorkan,abjorkanlh@fema.gov,Female,1 Bartelt Place,Norwegian
775,Chic,Cuckoo,ccuckooli@nhs.uk,Male,6 Dwight Road,Persian
776,Constantia,Janusik,cjanusiklj@i2i.jp,Female,73 Drewry Trail,Ndebele
777,Myer,Marquese,mmarqueselk@bbb.org,Male,996 Chinook Place,Swati
778,Daria,Allso,dallsoll@vinaora.com,Bigender,34 Hoard Hill,Korean
779,Dari,Gowdy,dgowdylm@buzzfeed.com,Female,6 Buell Lane,Aymara
780,Thacher,De la Harpe,tdelaharpeln@amazon.co.uk,Polygender,345 Redwing Junction,Finnish
781,Jean,De Zamudio,jdezamudiolo@exblog.jp,Female,24 Bayside Court,Latvian
782,Gav,Cox,gcoxlp@time.com,Male,4 Coolidge Park,Gujarati
783,Jenn,Gentzsch,jgentzschlq@arizona.edu,Female,6 Merry Place,Tswana
784,Merv,Glander,mglanderlr@google.it,Male,5 Esker Lane,Tsonga
785,Fletcher,Basini-Gazzi,fbasinigazzils@usnews.com,Male,2772 Harper Pass,Guaraní
786,Koressa,Pendreigh,kpendreighlt@alexa.com,Female,3459 Corscot Park,Guaraní
787,Kevon,Batthew,kbatthewlu@wordpress.com,Male,2395 Canary Lane,Nepali
788,Zitella,O'Corrane,zocorranelv@statcounter.com,Female,1 Farmco Alley,Kyrgyz
789,Salaidh,Sapsford,ssapsfordlw@ebay.co.uk,Female,660 Sullivan Center,Tetum
790,Simeon,Kewley,skewleylx@europa.eu,Male,819 Lerdahl Pass,Somali
791,Zorina,Freak,zfreakly@google.nl,Female,48775 Miller Trail,Gujarati
792,Waite,Colbourn,wcolbournlz@dot.gov,Male,47293 Hermina Park,Mongolian
793,Ferris,Verrick,fverrickm0@biglobe.ne.jp,Male,8 Carberry Crossing,Zulu
794,Gael,Cuseick,gcuseickm1@webeden.co.uk,Male,3 Sloan Road,Somali
795,Noel,Boich,nboichm2@about.com,Female,9043 Lyons Circle,Filipino
796,Aguste,Lovat,alovatm3@merriam-webster.com,Male,5 Brickson Park Junction,Swahili
797,Hamlen,Keuning,hkeuningm4@sciencedirect.com,Polygender,54370 Parkside Drive,Montenegrin
798,Wang,Mersey,wmerseym5@spotify.com,Male,26353 Myrtle Lane,Spanish
799,Violetta,Foord,vfoordm6@apache.org,Female,333 Acker Plaza,Lithuanian
800,Ainsley,Cressar,acressarm7@amazon.de,Female,5233 Rigney Pass,Kashmiri
801,Burch,Cassey,bcasseym8@cmu.edu,Male,5313 Northridge Street,Oriya
802,Quill,Karczinski,qkarczinskim9@printfriendly.com,Bigender,39482 Bunker Hill Park,New Zealand Sign Language
803,Thaddus,Sinson,tsinsonma@webeden.co.uk,Male,55 Forest Run Crossing,Afrikaans
804,Eula,Peagrim,epeagrimmb@usda.gov,Female,68 Boyd Terrace,Hindi
805,Rand,Haughton,rhaughtonmc@blogger.com,Male,2689 Parkside Road,Portuguese
806,Ally,Hopkynson,ahopkynsonmd@unicef.org,Female,2 Veith Point,Lao
807,Marielle,Courtonne,mcourtonneme@addthis.com,Female,70211 Loomis Pass,Hungarian
808,Lisabeth,Cahillane,lcahillanemf@webmd.com,Female,3094 Prairie Rose Court,Kannada
809,Darrin,Rushmare,drushmaremg@quantcast.com,Male,137 Rusk Avenue,Arabic
810,Quent,McBain,qmcbainmh@altervista.org,Male,9 Glendale Junction,Spanish
811,Frederic,Churms,fchurmsmi@oaic.gov.au,Male,68547 Ridgeview Court,Pashto
812,Kylen,Lidden,kliddenmj@buzzfeed.com,Female,0625 Golf View Plaza,Persian
813,Hollyanne,Hadcock,hhadcockmk@reuters.com,Female,09 Reinke Street,Czech
814,Janessa,Abramson,jabramsonml@moonfruit.com,Female,8776 2nd Park,Albanian
815,Byrle,Lansbury,blansburymm@blogspot.com,Male,0079 Dottie Road,Japanese
816,Niko,Maddra,nmaddramn@desdev.cn,Male,672 Valley Edge Court,Tok Pisin
817,Alain,Lawrance,alawrancemo@jigsy.com,Male,048 Scoville Center,Armenian
818,Nil,Crewdson,ncrewdsonmp@baidu.com,Male,03 Anderson Pass,Gujarati
819,Rustin,Prendeville,rprendevillemq@goo.gl,Male,5 Caliangt Point,Punjabi
820,Serge,Gourlay,sgourlaymr@huffingtonpost.com,Male,988 Red Cloud Trail,Greek
821,Des,Drinkhill,ddrinkhillms@independent.co.uk,Male,086 Becker Center,Burmese
822,Kaycee,Batchelour,kbatchelourmt@last.fm,Bigender,215 Evergreen Alley,Latvian
823,Goran,Luno,glunomu@naver.com,Male,8 Dixon Center,Hindi
824,Harriott,Padson,hpadsonmv@washington.edu,Female,6 Canary Center,Khmer
825,Sonni,Endley,sendleymw@ovh.net,Female,31 Myrtle Avenue,Swahili
826,Hew,Julien,hjulienmx@dropbox.com,Genderqueer,18 Pepper Wood Lane,Arabic
827,Galen,Saint,gsaintmy@time.com,Male,7954 Moulton Place,Haitian Creole
828,Libby,Watterson,lwattersonmz@state.gov,Female,86001 Mayer Circle,Bulgarian
829,Noam,Crissil,ncrissiln0@4shared.com,Male,062 Jenna Street,Norwegian
830,Mandel,Coomber,mcoombern1@google.co.jp,Male,6705 Lerdahl Court,Fijian
831,Haley,Keynd,hkeyndn2@vk.com,Male,7 Sachs Pass,Catalan
832,Richy,Vass,rvassn3@ask.com,Male,750 Thompson Park,Khmer
833,Moses,Stannering,mstanneringn4@yolasite.com,Male,59440 Summit Pass,Kashmiri
834,Patric,Bethell,pbethelln5@arizona.edu,Male,9412 Talmadge Terrace,Tswana
835,Jo ann,Mackley,jmackleyn6@bravesites.com,Female,5142 Lunder Way,Georgian
836,Reinaldo,Paulin,rpaulinn7@zdnet.com,Male,8 Caliangt Center,Chinese
837,Kellina,Rushe,krushen8@delicious.com,Female,80 Milwaukee Alley,English
838,Rik,Hankins,rhankinsn9@jugem.jp,Male,0503 Merchant Trail,Hungarian
839,Aretha,Girault,agiraultna@usda.gov,Female,9143 Ridgeview Way,Albanian
840,Devin,Eickhoff,deickhoffnb@bigcartel.com,Genderqueer,2 Sundown Alley,Telugu
841,Joan,Mapledoore,jmapledoorenc@jiathis.com,Female,4661 Sachs Circle,Burmese
842,Sharlene,Lampke,slampkend@columbia.edu,Female,871 Rigney Terrace,West Frisian
843,Alfredo,Johl,ajohlne@123-reg.co.uk,Male,85082 Schmedeman Drive,Malagasy
844,Maddi,Molder,mmoldernf@noaa.gov,Female,95 Burrows Parkway,Malay
845,Vaughan,Densey,vdenseyng@earthlink.net,Male,31382 Nevada Trail,Bulgarian
846,Aimee,ffrench Beytagh,affrenchbeytaghnh@furl.net,Female,9 8th Plaza,Bosnian
847,Thomasin,Worthington,tworthingtonni@amazon.com,Genderfluid,47 Scofield Avenue,German
848,Arabella,Paybody,apaybodynj@abc.net.au,Female,94 Jackson Crossing,Estonian
849,Maryrose,Postan,mpostannk@com.com,Female,33502 Del Mar Road,Italian
850,Lucy,Reightley,lreightleynl@blogspot.com,Female,1815 Monument Junction,Haitian Creole
851,Isacco,Madner,imadnernm@themeforest.net,Male,1 Waxwing Plaza,Hindi
852,Ella,Lydiate,elydiatenn@npr.org,Female,9454 Barnett Plaza,West Frisian
853,Etti,Bowgen,ebowgenno@umich.edu,Female,4 Glendale Plaza,Irish Gaelic
854,Dall,Leitch,dleitchnp@angelfire.com,Male,56 Dexter Plaza,Yiddish
855,Ethe,Burner,eburnernq@chronoengine.com,Male,13800 Sutherland Avenue,Burmese
856,Francois,Pessler,fpesslernr@joomla.org,Male,55 Mayer Crossing,Burmese
857,Zelig,Rockwell,zrockwellns@wiley.com,Male,31639 Rutledge Point,Icelandic
858,Cris,Whisson,cwhissonnt@admin.ch,Male,84 Forest Run Terrace,Marathi
859,Danielle,Oger,dogernu@mtv.com,Female,54543 Oakridge Parkway,Khmer
860,Aksel,Garmey,agarmeynv@jiathis.com,Male,2 Melrose Road,Gagauz
861,Rickert,Pleming,rplemingnw@noaa.gov,Male,738 Huxley Avenue,Tok Pisin
862,Aloysius,Swinerd,aswinerdnx@prnewswire.com,Male,9 Bellgrove Trail,Mongolian
863,Hayden,Pepon,hpeponny@sakura.ne.jp,Male,9241 Stone Corner Drive,English
864,Corette,Pyke,cpykenz@merriam-webster.com,Female,39 Packers Way,Guaraní
865,Wendell,Pedrocco,wpedroccoo0@1688.com,Male,0 Magdeline Parkway,Moldovan
866,Falito,Conachy,fconachyo1@blogspot.com,Male,1 Scott Center,Dhivehi
867,Camile,Boosey,cbooseyo2@desdev.cn,Female,26 Fuller Drive,Mongolian
868,Ruby,Bayston,rbaystono3@fastcompany.com,Male,404 Petterle Court,Nepali
869,Olvan,O'Donohue,oodonohueo4@blogs.com,Male,54762 Schlimgen Avenue,Dhivehi
870,Emmy,Solley,esolleyo5@themeforest.net,Female,6006 Fair Oaks Parkway,Fijian
871,Gertrudis,McCrow,gmccrowo6@smh.com.au,Female,25 Tennyson Court,Tsonga
872,Brand,Liver,blivero7@shareasale.com,Male,58149 Vidon Pass,French
873,Ewan,Daynter,edayntero8@51.la,Male,900 Banding Plaza,West Frisian
874,Eden,Spick,espicko9@nbcnews.com,Female,8819 Pawling Crossing,Persian
875,Zolly,Thoday,zthodayoa@google.pl,Agender,77158 Canary Crossing,Gujarati
876,Gretel,Thompkins,gthompkinsob@delicious.com,Female,3495 Shelley Junction,Dutch
877,Bondon,Gifkins,bgifkinsoc@utexas.edu,Male,6659 Fordem Terrace,Albanian
878,Meade,Kiddye,mkiddyeod@ezinearticles.com,Male,2 Mandrake Parkway,Thai
879,Jerrold,Fishe,jfisheoe@unblog.fr,Male,8 Gina Crossing,Bulgarian
880,Danita,Mockes,dmockesof@webeden.co.uk,Female,198 6th Alley,Quechua
881,Simone,Savine,ssavineog@gov.uk,Male,07797 Talmadge Center,Northern Sotho
882,Laureen,Stellman,lstellmanoh@oracle.com,Female,07219 Northview Park,Indonesian
883,Bertine,Folks,bfolksoi@linkedin.com,Genderfluid,2936 Killdeer Pass,Quechua
884,Hagan,Genthner,hgenthneroj@bbc.co.uk,Male,0918 Namekagon Place,French
885,Janessa,Boyne,jboyneok@redcross.org,Female,439 Stuart Avenue,Assamese
886,Antons,Vlach,avlachol@yellowbook.com,Male,9 Hoard Pass,Gagauz
887,Heddi,MacGillivrie,hmacgillivrieom@amazon.co.uk,Female,4 Commercial Point,German
888,Carlene,Gamlen,cgamlenon@auda.org.au,Female,574 Express Hill,Albanian
889,Gottfried,Retchless,gretchlessoo@theatlantic.com,Male,03202 Morning Pass,English
890,Sandor,De Hailes,sdehailesop@bing.com,Male,31 Mccormick Road,Bulgarian
891,Brig,Antonowicz,bantonowiczoq@reverbnation.com,Male,15 Mcguire Road,Azeri
892,Corny,Swindley,cswindleyor@webs.com,Female,48 Corscot Point,Kazakh
893,Chico,Lewerenz,clewerenzos@mac.com,Male,323 Dorton Place,Chinese
894,Lydon,Trustey,ltrusteyot@domainmarket.com,Male,1889 Waywood Lane,Papiamento
895,Odo,Gircke,ogirckeou@nps.gov,Male,13382 Riverside Street,Burmese
896,Delphinia,Gilliat,dgilliatov@is.gd,Female,092 Maywood Junction,Hungarian
897,Ivett,Wiggin,iwigginow@bigcartel.com,Female,1 Harper Place,Georgian
898,Filbert,Lesmonde,flesmondeox@stanford.edu,Male,84 Grasskamp Point,Tswana
899,Reade,Bernardotte,rbernardotteoy@so-net.ne.jp,Male,40 Anthes Road,Tamil
900,Halley,Lillow,hlillowoz@gov.uk,Female,18601 Almo Plaza,Swedish
901,Zsa zsa,Rambadt,zrambadtp0@tuttocitta.it,Female,0618 Golf Course Pass,Pashto
902,Dee dee,Swinnard,dswinnardp1@marketwatch.com,Female,7097 Doe Crossing Road,Latvian
903,Miriam,Rhymes,mrhymesp2@princeton.edu,Female,3786 Manley Street,Thai
904,Syman,Jurgensen,sjurgensenp3@upenn.edu,Male,6675 Graceland Lane,Romanian
905,Costanza,Lafford,claffordp4@weibo.com,Female,0349 Division Trail,Portuguese
906,Jodi,Strippel,jstrippelp5@nifty.com,Female,52 Hoffman Alley,Montenegrin
907,Hilda,Harder,hharderp6@sciencedaily.com,Female,3460 Macpherson Pass,Norwegian
908,Diego,Studart,dstudartp7@npr.org,Male,957 Caliangt Circle,Aymara
909,Jasen,Thieme,jthiemep8@google.it,Male,4170 Becker Junction,Pashto
910,Walliw,Finicj,wfinicjp9@webnode.com,Female,98058 Ruskin Street,Gujarati
911,Rriocard,Sybry,rsybrypa@mediafire.com,Male,55 Clarendon Center,Yiddish
912,Putnam,Dukes,pdukespb@ftc.gov,Male,40 Susan Road,Bislama
913,Dalli,Richichi,drichichipc@blog.com,Male,8128 Dawn Point,Japanese
914,Querida,Cahalan,qcahalanpd@macromedia.com,Female,2312 Grim Parkway,Portuguese
915,Amos,Iglesias,aiglesiaspe@dot.gov,Male,1 Dennis Avenue,Tok Pisin
916,Theodosia,Parren,tparrenpf@google.com.hk,Female,5 Sachs Trail,Romanian
917,Ravid,Knoles,rknolespg@bloomberg.com,Male,182 Marcy Place,Belarusian
918,Zane,D'Andrea,zdandreaph@craigslist.org,Male,05975 Dunning Trail,New Zealand Sign Language
919,Lurette,Cawthorne,lcawthornepi@merriam-webster.com,Female,64730 Scofield Court,Danish
920,Derick,Sandcroft,dsandcroftpj@yellowbook.com,Male,30932 Welch Terrace,Hindi
921,Amity,McCome,amccomepk@istockphoto.com,Female,2325 Cardinal Hill,Kashmiri
922,Carmela,Overlow,coverlowpl@angelfire.com,Female,259 Delaware Alley,Danish
923,Lauri,Lansdown,llansdownpm@dyndns.org,Female,8 Armistice Plaza,Burmese
924,Leyla,Liggens,lliggenspn@behance.net,Female,612 Fordem Plaza,Swati
925,Maressa,Chittim,mchittimpo@ycombinator.com,Female,891 Scoville Drive,Swati
926,Bel,Rohlfs,brohlfspp@de.vu,Female,2202 Fairfield Hill,German
927,Filmore,Lum,flumpq@deviantart.com,Male,37 Rockefeller Circle,Danish
928,Regan,Baldung,rbaldungpr@msu.edu,Female,7 8th Junction,Icelandic
929,Nancy,Brislane,nbrislaneps@wp.com,Female,8561 Dunning Way,Georgian
930,Sanson,Carver,scarverpt@si.edu,Male,8 South Place,Spanish
931,Maris,Caccavella,mcaccavellapu@jugem.jp,Female,65177 Grim Circle,French
932,Jammal,Hutton,jhuttonpv@tuttocitta.it,Male,0039 Mcguire Lane,Aymara
933,Danella,Stark,dstarkpw@unc.edu,Female,56248 Lindbergh Point,Lithuanian
934,Andy,Hanscome,ahanscomepx@state.gov,Bigender,77663 Cordelia Road,Romanian
935,Laurena,Ianitti,lianittipy@bing.com,Female,12803 Ludington Hill,Sotho
936,Yoshiko,Fardy,yfardypz@bing.com,Female,53 Eggendart Road,Armenian
937,Ryun,Breazeall,rbreazeallq0@squidoo.com,Male,457 Spaight Center,Lao
938,Towney,Attack,tattackq1@phoca.cz,Male,84909 Stone Corner Center,Albanian
939,Creigh,Crowdace,ccrowdaceq2@scribd.com,Male,69 Ryan Park,Finnish
940,Mychal,Brotherhed,mbrotherhedq3@state.gov,Male,8936 Kenwood Center,Māori
941,Bettine,Clunan,bclunanq4@whitehouse.gov,Female,7 Village Court,Moldovan
942,Erskine,Caslin,ecaslinq5@netlog.com,Male,73695 Forster Park,Persian
943,Lorain,Attrill,lattrillq6@google.pl,Female,712 Swallow Park,Spanish
944,Ed,Islep,eislepq7@eventbrite.com,Male,87 Fallview Alley,Northern Sotho
945,Cinda,Rossbrooke,crossbrookeq8@tuttocitta.it,Female,52607 Dottie Trail,Azeri
946,Sammie,Forge,sforgeq9@sitemeter.com,Male,95797 Eliot Court,Zulu
947,Tally,Symmons,tsymmonsqa@smugmug.com,Male,45393 East Park,Croatian
948,Walsh,Priestman,wpriestmanqb@vimeo.com,Male,956 Lakewood Plaza,Armenian
949,Maxine,Van Waadenburg,mvanwaadenburgqc@devhub.com,Female,98527 Huxley Way,Sotho
950,Kim,Brewins,kbrewinsqd@sciencedaily.com,Female,395 American Avenue,Macedonian
951,Delora,Kippling,dkipplingqe@amazon.co.uk,Female,24 Dexter Park,Italian
952,Levi,Bell,lbellqf@php.net,Male,414 Talisman Circle,Swedish
953,Hadley,Keeltagh,hkeeltaghqg@biglobe.ne.jp,Male,18953 Pierstorff Plaza,Ndebele
954,Sutherlan,Goldin,sgoldinqh@google.pl,Male,0 West Park,Amharic
955,Shaun,Leak,sleakqi@washington.edu,Male,591 Elka Way,Polish
956,Rourke,Base,rbaseqj@nymag.com,Male,372 Cambridge Way,Gagauz
957,Kanya,Cricket,kcricketqk@constantcontact.com,Female,4982 Hallows Court,Nepali
958,Gilbert,Bynold,gbynoldql@woothemes.com,Male,79876 American Ash Junction,Indonesian
959,Jennica,Simanek,jsimanekqm@archive.org,Female,94 Daystar Street,Pashto
960,Kendre,Nortcliffe,knortcliffeqn@topsy.com,Female,6921 Declaration Alley,Khmer
961,Selena,Ahearne,sahearneqo@howstuffworks.com,Genderqueer,26 Larry Trail,Nepali
962,Vern,Bolsover,vbolsoverqp@tiny.cc,Male,7 Burning Wood Alley,Norwegian
963,Krissy,Goullee,kgoulleeqq@npr.org,Female,19 Farmco Point,Hiri Motu
964,Vanya,Cogswell,vcogswellqr@cbslocal.com,Male,9 Derek Plaza,Hebrew
965,Lulita,Bainton,lbaintonqs@discuz.net,Female,11846 Burning Wood Street,Nepali
966,Rose,Scranney,rscranneyqt@google.it,Non-binary,1187 Clyde Gallagher Drive,Moldovan
967,Huberto,Scampion,hscampionqu@feedburner.com,Male,3827 Vernon Junction,Aymara
968,Gaylor,Pirazzi,gpirazziqv@geocities.com,Male,3348 Hoard Lane,Bosnian
969,Lydon,Taw,ltawqw@ft.com,Male,09604 Summerview Way,Bosnian
970,Sanson,Lanahan,slanahanqx@ovh.net,Male,39 Sloan Circle,Czech
971,Jayne,de Mendoza,jdemendozaqy@etsy.com,Female,37156 Randy Parkway,Swedish
972,Kaleb,Shiell,kshiellqz@wsj.com,Male,63385 Burning Wood Plaza,Dhivehi
973,Clarine,Tolomelli,ctolomellir0@hao123.com,Female,06 Larry Street,Norwegian
974,Malorie,Clausius,mclausiusr1@webmd.com,Female,56 Surrey Parkway,Amharic
975,Amandy,Eden,aedenr2@umich.edu,Polygender,54 Fulton Circle,Gagauz
976,Bevvy,Lilion,blilionr3@cdc.gov,Female,09447 Northview Junction,Irish Gaelic
977,Rich,Bernolet,rbernoletr4@clickbank.net,Male,79 Moland Parkway,Kashmiri
978,Bond,Seaking,bseakingr5@hubpages.com,Male,23 Clemons Trail,Tok Pisin
979,Peggie,Keedy,pkeedyr6@goo.ne.jp,Female,5004 Miller Park,Ndebele
980,Jessie,Shadrach,jshadrachr7@mail.ru,Male,3899 Ridgeway Trail,Bulgarian
981,Alex,Whatsize,awhatsizer8@go.com,Male,795 Northport Street,Telugu
982,Arman,Cinnamond,acinnamondr9@taobao.com,Male,1283 Towne Circle,French
983,Liesa,Onion,lonionra@1688.com,Female,70 Sage Road,Portuguese
984,Lammond,Robarts,lrobartsrb@ning.com,Male,3 Saint Paul Hill,Hiri Motu
985,Zahara,McAughtrie,zmcaughtrierc@nytimes.com,Female,5862 Spohn Pass,Haitian Creole
986,Jamil,MacNeilley,jmacneilleyrd@pbs.org,Male,7 Northview Alley,Gujarati
987,Winston,Tales,wtalesre@tripod.com,Genderqueer,928 Arrowood Alley,Dhivehi
988,Enrika,Yarnton,eyarntonrf@icq.com,Female,2 Vermont Parkway,Spanish
989,Anna-diane,Spratley,aspratleyrg@sciencedirect.com,Female,8 Spohn Parkway,Spanish
990,Suzanne,Girauld,sgirauldrh@go.com,Female,0 Blaine Street,New Zealand Sign Language
991,Odelle,Bortoletti,obortolettiri@mozilla.org,Female,63145 Hudson Terrace,Portuguese
992,Court,De Simoni,cdesimonirj@bandcamp.com,Male,833 Main Lane,Latvian
993,Jami,Pummery,jpummeryrk@vkontakte.ru,Female,3200 Onsgard Alley,Indonesian
994,Damian,Carvilla,dcarvillarl@msu.edu,Male,109 Westerfield Center,Somali
995,Harlene,Carn,hcarnrm@creativecommons.org,Female,49491 Laurel Crossing,Khmer
996,Orv,Le Fevre,olefevrern@delicious.com,Male,0 Lake View Way,Filipino
997,Nobe,Timby,ntimbyro@toplist.cz,Male,7706 Cambridge Avenue,Arabic
998,Ninette,Chesshyre,nchesshyrerp@tumblr.com,Female,59 Columbus Terrace,Kurdish
999,Forbes,Chiplen,fchiplenrq@salon.com,Male,4812 Summit Center,Italian
1000,Phip,Wolvey,pwolveyrr@narod.ru,Male,0471 Butterfield Street,Gujarati
